9.75944150336, 1.48031351429, -1
6.94804239166, 2.21962478122, -1
5.19932575239, 6.13726388005, +1
4.75379163223, 7.34599760274, -1
3.84466370644, 6.62312597734, -1
0.135623033444, 1.99493135257, +1
0.55555714357, 2.75664550066, +1
0.160488624805, 5.60203984514, -1
5.53151724211, 5.02387727157, +1
8.63901033967, 6.94278872933, -1
3.56119950755, 1.05820164469, +1
1.02845645923, 3.86610228941, -1
7.04787036029, 3.37396073161, -1
9.0862730379, 8.11374984214, -1
3.31067271904, 7.1165054531, -1
1.68119488948, 5.75653269874, -1
3.31023765852, 9.84551310759, -1
2.19704403356, 8.65066296387, -1
1.83703655814, 2.90478903513, +1
0.698187610477, 8.2292003658, -1
7.697451556, 3.51854553936, -1
8.07885447912, 9.91072153018, -1
2.63394780528, 3.51797842039, +1
6.18922266196, 2.71247080866, -1
9.74193573703, 5.79453606784, -1
3.81972956853, 5.65777787991, -1
4.8618901352, 9.24790750016, -1
6.36383279002, 1.12878419569, -1
5.39105679205, 2.23558829638, -1
3.53247688512, 7.7036673492, -1
8.75298392536, 8.97242412424, -1
3.21361838454, 1.46319275586, +1
6.44570719283, 5.26973111335, +1
7.54372833456, 4.97246324995, -1
4.29111063043, 1.34537208587, -1
2.76100437745, 0.965420421805, +1
4.17787537059, 3.17308314545, +1
4.56724051403, 1.45316992706, -1
9.88218261027, 5.44988016326, -1
2.12659738012, 0.938521993936, +1
6.19066381887, 3.4438121622, -1
3.22623393517, 5.33909360836, -1
5.77221955743, 1.00340502066, -1
0.699760629061, 9.47516639781, -1
5.0008262711, 5.06870954204, +1
0.0719291454837, 6.41562602844, -1
7.12599290303, 5.35427738477, +1
8.48981381387, 3.55899154112, -1
3.93303819456, 6.735712095, -1
5.24336236526, 0.187072970731, -1
4.95245212935, 1.17296814226, -1
1.83513937935, 5.12099215698, -1
5.20012079773, 8.754060102, -1
4.54442905774, 0.469295747862, -1
1.70602591069, 7.20134006933, -1
1.90781973399, 1.73153167527, +1
1.11347829369, 8.00828628977, -1
1.62847406308, 6.35122272848, -1
9.21172384839, 9.00481448013, -1
1.60480577268, 2.38811378026, +1
7.44449881389, 9.96451069674, -1
1.64228450925, 9.92376984339, -1
5.27459065978, 3.32741767781, -1
4.1689990813, 6.49979153011, -1
2.75127892187, 3.98297798312, -1
9.03061908023, 4.03593747954, -1
8.52195473955, 8.51588819431, -1
1.27339098129, 2.45041363918, +1
1.22248215395, 3.16728885918, +1
5.33811733341, 9.7458106706, -1
9.82322057603, 6.53463817139, -1
7.04008868082, 7.98750688103, -1
5.98339575122, 4.49433414863, -1
8.42666744745, 1.43979085545, -1
0.339316254935, 5.41586470169, -1
1.86359265627, 7.54065722234, -1
8.29942845564, 0.499218066697, -1
7.83321288824, 1.19033275612, -1
1.93504610017, 5.49903106029, -1
8.9254158889, 9.56790949332, -1
4.07297110941, 1.71266100348, -1
5.92444583385, 1.19959443065, -1
2.20909641082, 3.67530779172, -1
3.68725187784, 5.12433583473, -1
5.95196210581, 4.13094277928, -1
3.75861831711, 4.46280166815, -1
6.95675518187, 4.63466538796, -1
4.7235421204, 4.83054443234, -1
9.83190136133, 8.72595368602, -1
5.69170408158, 5.64981756242, +1
3.90295150941, 3.6902640424, -1
3.36887818409, 7.08982548385, -1
7.38486557618, 4.0611025717, -1
5.51274815874, 2.96902712947, -1
0.847888513566, 4.75920204321, -1
7.47692558887, 4.79132579366, -1
7.81019863655, 1.51603405724, -1
8.11612008554, 8.62043825506, -1
9.79621250048, 3.29357479227, -1
7.88350501738, 1.57906520204, -1
5.01916225188, 8.72658245455, -1
1.98344714848, 9.52136208566, -1
0.0419942831936, 5.66601934748, -1
5.32804519824, 8.63582225464, -1
1.5134507333, 3.26015199926, +1
6.21197023497, 7.31961259523, +1
4.65273480375, 2.22217528497, -1
2.27368068472, 1.31805507946, +1
4.76886044991, 0.29382915732, -1
3.41412548588, 9.93198952417, -1
7.51555421247, 9.40003393458, -1
9.45918941136, 6.49131012123, -1
1.57872258712, 9.49516577958, -1
2.45374047367, 3.40221322658, +1
4.65251140831, 3.30338144068, -1
1.1571692095, 2.21640350442, +1
9.69422736734, 5.97177433257, -1
6.07812091531, 3.72116667668, -1
7.12689879786, 4.19392099373, +1
1.57076515548, 2.17331679736, +1
4.62075191051, 7.72959193731, -1
7.23884597776, 1.2202942611, -1
5.27014338013, 0.753526132513, -1
4.82172469737, 1.89741559356, -1
9.43867611502, 6.40595852297, -1
0.291746338274, 4.58731024207, -1
2.63886188776, 5.68704675405, -1
6.34645107225, 9.69167661031, -1
6.80519402023, 2.54569009482, -1
8.64726663503, 0.651182603431, -1
9.6366746009, 9.77769854054, -1
5.78990986652, 0.21253542372, -1
5.30183051165, 8.49346667876, -1
5.51296441102, 4.39010811239, -1
8.98298575464, 4.91018035164, -1
2.43245907801, 4.4420277685, -1
1.73059727144, 6.15074278745, -1
8.38210880367, 8.14682301943, -1
3.09653323288, 0.978152907491, +1
6.17542958749, 9.17937604391, -1
2.78898148198, 7.4437005352, -1
3.4794137136, 8.37563984892, -1
9.88602252535, 1.46120480286, -1
4.55209908237, 1.61033463397, -1
6.02842939627, 8.43043508859, -1
0.575871580931, 1.78082888883, +1
2.47324355795, 4.371040583, -1
3.48799463945, 6.19754115706, -1
5.55628445124, 9.81281408926, -1
1.95134968642, 9.29111232044, -1
1.01506528349, 9.00014287732, -1
4.83950229156, 6.9111903017, -1
6.524123949, 5.21649407534, +1
0.780467994379, 7.11378542445, -1
5.22075268577, 0.499834662053, -1
0.0291320915196, 4.66608232704, -1
1.94580388054, 1.44598610332, +1
0.16237006994, 1.74960984394, +1
3.99602791139, 8.44992478464, -1
2.37342172349, 9.07005748976, -1
4.27196789689, 3.21570462309, -1
2.29373732499, 0.137563079922, +1
2.5113120876, 2.88792947318, +1
9.91011455961, 1.35572765759, -1
1.84800816217, 1.95089789553, +1
4.32405854701, 8.49209409872, -1
5.53981193633, 8.0475724565, -1
0.949622420499, 4.51833766972, -1
1.54807002297, 4.03129458117, -1
2.61611750984, 8.53785785246, -1
2.89188461044, 5.28285465185, -1
4.74563270367, 6.82157365607, -1
2.28119529485, 3.56852059269, +1
9.06047344428, 2.81978269117, -1
9.07903385621, 1.18400589885, -1
9.26447975062, 5.99961736834, -1
8.91039626643, 6.84404232768, -1
5.85172731736, 7.94088733117, -1
5.0858259869, 3.5893206145, -1
2.78381256154, 7.2044174265, -1
8.14169638585, 0.465931131619, -1
1.87601306543, 5.05971781668, -1
6.74804784648, 6.57250413665, +1
9.83077359837, 5.23804940654, -1
9.50913004148, 3.56862974705, -1
0.404525239619, 7.39942783646, -1
4.89295457799, 4.64199195899, -1
8.52618378132, 5.26426629892, -1
9.05715441121, 0.467545508681, -1
4.44955928838, 8.21879566258, -1
6.75468528469, 1.45521761107, -1
7.82380426469, 6.2604267493, -1
7.4238440075, 5.62339253896, -1
4.45253656102, 1.25235475231, -1
0.694009841422, 5.5074621884, -1
5.20730843354, 9.90690779532, -1
2.94530015538, 8.31694856321, -1
5.56477656637, 1.73431911955, -1
6.23037706383, 3.43433389982, -1
1.28580359242, 6.69834738118, -1
2.6308648472, 9.66341992689, -1
6.81431816188, 4.11337070326, -1
4.54856579343, 6.18755046931, -1
9.49345940452, 1.98170389353, -1
5.7184210114, 8.50340501015, -1
4.1256999385, 7.24418882603, -1
9.40002805089, 9.35769787109, -1
9.0663796831, 1.12360376178, -1
1.92114358878, 1.76309886762, +1
6.16603604141, 0.861419513321, -1
5.64492125812, 5.16038320917, +1
4.57151942077, 4.3491902137, -1
1.17594337415, 3.14691176743, +1
0.823586429114, 2.78795159042, +1
3.35338508852, 0.93574782335, +1
8.86367575238, 3.38886219401, -1
2.49453445875, 9.06414836894, -1
3.43471946161, 2.35356183628, +1
3.36544659943, 3.67120477321, -1
3.12049719594, 0.992502953107, +1
2.25644980783, 1.6613098767, +1
3.12837937006, 0.857032049936, +1
9.63680520822, 9.40756241154, -1
5.59521411822, 1.85502985742, -1
7.50410094438, 9.10316625443, -1
5.77571894208, 0.297169520573, -1
7.17705806436, 1.23834546072, -1
0.618335036129, 2.26662535953, +1
2.15222088249, 3.11172798049, +1
0.814550964544, 5.03849039604, -1
6.68563242391, 5.43083114593, +1
9.58832614297, 5.69969626467, -1
3.83094159132, 0.966324406472, -1
0.762033501197, 4.4275962208, -1
0.0801723438855, 5.368954623, -1
2.37471401903, 7.8301121261, -1
9.47862245601, 8.90037831191, -1
6.42215839452, 7.55291635953, -1
8.83872176385, 5.52689412735, -1
4.15797815809, 1.93861518926, +1
5.82521718686, 3.44734818634, -1
4.95014290043, 0.804281174896, -1
6.18560377739, 8.32936980129, -1
0.196536672461, 0.12035951743, -1
0.21592247071, 7.03508331353, -1
9.13159478228, 8.04969319129, -1
7.60061188192, 6.88268643931, -1
5.27266202012, 1.98362953642, -1
5.68778719298, 0.739398577439, -1
7.25450983894, 3.78950043759, -1
4.73513625466, 4.69940371363, -1
6.5856730254, 0.26808209007, -1
8.95172114761, 0.143123352681, -1
6.00807075423, 6.37490148809, +1
0.496567826873, 6.1738133178, -1
2.27398183355, 4.04280418481, -1
0.438195984916, 2.14130878513, +1
6.05448492979, 5.03389028137, +1
3.86946628879, 1.23824487248, -1
5.80070132724, 9.92181830639, -1
0.726085159101, 8.14369968755, -1
5.79036089106, 4.48309424535, +1
9.51051856659, 3.48707643438, -1
2.3610267046, 2.92328340221, +1
3.64315813276, 6.99255633635, -1
2.12559381779, 3.41180147268, +1
7.01884693552, 9.93229459489, -1
4.57289809918, 5.35380695688, -1
9.27718430722, 5.057098205, -1
3.24619291381, 9.07373636693, -1
0.122326857972, 1.09782419527, +1
1.83340545567, 5.95754398561, -1
9.52991188393, 1.85009141448, -1
2.91767221603, 1.14864794646, +1
6.62185688878, 9.38403372799, -1
8.91306001305, 8.42922700648, -1
7.60309339859, 0.671880170725, -1
0.416918236958, 4.62512335101, -1
0.460804596295, 0.152736223891, -1
9.55933490716, 7.3401160515, -1
9.24178753432, 2.29569595851, -1
0.00872285384276, 0.218752643435, -1
1.23397039688, 7.60684313906, -1
1.54564046783, 0.0968622874059, +1
9.76994067578, 7.28400803512, -1
6.11475373874, 5.53835128952, +1
5.77205975352, 1.3694453763, -1
5.30626243749, 1.95676361863, -1
6.93111469751, 8.9715634546, -1
6.22542314476, 9.51806496929, -1
4.16562085517, 9.30009026706, -1
6.2800267743, 7.18407579003, +1
6.52486639147, 9.27029432076, -1
5.82228499637, 8.80294335388, -1
2.23349314303, 6.368342171, -1
8.14520601232, 9.68020432945, -1
0.901369789252, 6.34652428798, -1
5.40661093534, 6.25379718693, +1
1.96381329572, 5.05743255449, -1
4.3429958423, 4.10799205567, -1
1.85746802094, 2.08679228684, +1
6.19432143853, 8.78945332658, -1
2.59225587598, 4.71322439436, -1
1.7513589101, 6.71505455677, -1
2.934179722, 3.31010126438, +1
4.72641037714, 0.922841590129, -1
6.959146269, 2.03369863767, -1
0.815805314959, 9.77642788546, -1
0.912123134447, 0.925392156747, +1
5.45338568892, 0.211377969297, -1
7.45097257285, 4.13024580533, -1
7.48595932842, 6.85994841737, -1
6.33696568486, 8.59402387194, -1
3.81630802241, 0.880034902035, -1
0.854345524314, 3.38670210879, +1
4.9558521727, 3.70286610591, -1
9.50052151415, 5.58375739155, -1
7.38036438, 4.61597053426, +1
1.16019186397, 2.24511039442, +1
2.80594207723, 3.46532317888, -1
9.16624899655, 7.22849738149, -1
6.77267319843, 9.7510859621, -1
3.89217944838, 4.42404373426, -1
5.10888376577, 0.0699059911768, -1
8.1895747426, 9.08688239527, -1
5.20091208538, 3.05918487959, -1
8.95647311028, 7.58260174624, -1
9.00997733271, 2.67532162461, -1
8.61320565536, 7.09923041018, -1
7.41421476291, 2.07837305546, -1
3.06089097915, 9.07631641151, -1
4.54176018168, 1.37428733003, -1
8.97535535908, 0.545659139701, -1
5.38846818719, 6.0390970972, +1
5.7633272792, 0.120886094401, -1
5.37913446775, 6.43543994815, +1
1.89445660234, 3.78916750265, +1
1.15814712634, 5.00389979421, -1
3.21295128161, 2.82848764363, +1
9.31159611765, 4.89696224502, -1
4.70428958335, 6.92800261277, -1
5.21195843603, 8.36047777109, -1
4.85133220277, 8.40520387504, -1
1.76714094217, 4.92398776654, -1
2.42173895028, 7.23931721054, -1
9.11769319888, 6.18879268224, -1
1.3852303488, 5.39455061942, -1
7.2806879307, 8.86345043647, -1
5.00224325457, 0.680003763831, -1
6.23500674846, 1.62958499865, -1
2.05078328534, 5.90071548538, -1
0.701254595525, 4.95575466179, -1
5.22299033511, 3.62998531726, +1
7.51563607101, 7.40271222692, -1
9.91480316833, 0.973528682964, -1
0.658225459414, 9.49049685987, -1
5.493830985, 8.19080612772, -1
0.64083685877, 3.64509746783, -1
8.61626109647, 4.96006854869, -1
9.90379486074, 9.77225397478, -1
7.18493695385, 2.77036190991, -1
1.17925513766, 6.55818105719, -1
8.16441156554, 2.25440429343, -1
0.339828668813, 8.61643592989, -1
4.47472680045, 0.32072537277, -1
6.94155921392, 7.70320581739, -1
0.742246444652, 9.18398115234, -1
6.02783881086, 3.86142317536, -1
5.47494643179, 4.19455773699, +1
1.45394964488, 8.41021881628, -1
3.1338791429, 6.71899136098, -1
9.76178055313, 8.69820118216, -1
1.43501769631, 5.20330576522, -1
1.49422918435, 7.13166418806, -1
2.98091116343, 6.18190646433, -1
2.10034733188, 2.13880158119, +1
8.57525348183, 8.98991800564, -1
9.08017964045, 0.72432543126, -1
0.282577483332, 7.46250494216, -1
6.44311714178, 4.25229329534, -1
2.17626228185, 1.99153542438, +1
4.29048058977, 8.35243222184, -1
3.61041614589, 0.360538108019, -1
2.01275365965, 7.32363811673, -1
5.51365861918, 5.36282733816, +1
3.05293286818, 7.37824173955, -1
7.14047191053, 7.58232998605, -1
8.22097956114, 6.42772443963, -1
4.4574126093, 1.39677872217, -1
7.31292804976, 5.38382910413, -1
9.01667013021, 0.692303145354, -1
5.85388638029, 3.92212637724, -1
7.37136093858, 0.47767221889, -1
8.5396261765, 3.46594537002, -1
6.64980896796, 0.922313234258, -1
7.13611580921, 1.00473174642, -1
1.00424657368, 2.85094199835, +1
4.15632068974, 4.64561058731, -1
5.6329422205, 1.1162108977, -1
5.11992832341, 8.19475021293, -1
4.14312184704, 1.65924525616, -1
4.44451657272, 8.28482273864, -1
6.50074715969, 5.26125159615, +1
2.41426566748, 9.23507973015, -1
3.8776131342, 1.12252103069, -1
7.62337866679, 7.9058270795, -1
5.88711717916, 5.01469394695, +1
8.33343214655, 0.137595715149, -1
3.97740382628, 0.214900288735, -1
9.77528517231, 3.97347965379, -1
3.19959891426, 4.26323396978, -1
7.33328054794, 8.88132363614, -1
9.26740345725, 7.82114277065, -1
4.57283900486, 8.3658775853, -1
2.77481727118, 8.54955523362, -1
4.80731381192, 9.59948718785, -1
5.12214888283, 1.12228719731, -1
1.79942348906, 9.47110357754, -1
8.07547921156, 8.86461863054, -1
1.56615293734, 0.315934310738, +1
2.65938124127, 9.75206478002, -1
3.98984654586, 2.8092008425, -1
8.37146904515, 0.865288283838, -1
9.83872683368, 3.66035582305, -1
3.99494481377, 4.53990265537, -1
8.45631713022, 2.18972974882, -1
2.51180995735, 5.47528910549, -1
8.69383412813, 0.787208482121, -1
8.1799542373, 6.38326849089, -1
8.47296805983, 7.83168830914, -1
4.37163352714, 9.27883059387, -1
3.98193596493, 4.44903550375, -1
3.52045525223, 8.30075075638, -1
9.20246906413, 4.17158907639, -1
6.4797480287, 7.85627409672, +1
0.432304719345, 7.68356440788, -1
9.10011194922, 7.26188400749, -1
7.45413944249, 2.3450952689, -1
3.25805179657, 5.94308982264, -1
4.80533770319, 0.448099234286, -1
1.29584951019, 0.0811169363173, -1
0.0447149807065, 1.88040116992, -1
4.63049848867, 9.48703015203, -1
9.73392579729, 1.89587276339, -1
3.12507713168, 3.11432905862, -1
3.13090163035, 0.886853680786, -1
6.51874348318, 7.32904178324, -1
2.76443291174, 5.94604483061, -1
8.55774042206, 1.72586588994, -1
4.60089557321, 1.13425395076, -1
3.03959458513, 6.21516197236, -1
1.37834065575, 3.47567276209, +1
0.9487163647, 8.03900071023, -1
5.81191173156, 1.45015266004, -1
2.14104286984, 3.39550373921, +1
0.476336954616, 3.83148690711, -1
7.11216649458, 0.801874220166, -1
5.80788889125, 8.38804940858, -1
3.38739329119, 4.6283982684, -1
3.31264885665, 2.96264527862, +1
0.703709774391, 8.26511072837, -1
5.02463441611, 0.855462906935, -1
6.8365256565, 8.07962259202, -1
3.5457969152, 3.73276476283, -1
2.39473563917, 2.69812146566, +1
2.18207878467, 3.72223974191, +1
1.95048036748, 4.55464705219, -1
0.819582197108, 3.55790650945, +1
4.69993857241, 7.13632005494, -1
7.28040722197, 4.92233830799, -1
5.87766961522, 1.50485103851, -1
4.64261631573, 3.13557172128, -1
4.84666910236, 4.20807433377, -1
0.411188714067, 2.96117121764, +1
9.7022683598, 0.995398207242, -1
5.67427642741, 1.23415955757, -1
3.10098620527, 8.05016964384, -1
4.5171823334, 5.99372761243, -1
7.50092561026, 1.08165467526, -1
4.05763133575, 2.6492160005, -1
5.37108527837, 9.69820783933, -1
2.29096177353, 4.0065808946, -1
2.80025427365, 1.22095892848, +1
9.75834484288, 0.890966543038, -1
3.12425934887, 9.86058079353, -1
6.90408629781, 4.07443752028, -1
1.21798287388, 5.81005326559, -1
2.45890891187, 8.54594198314, -1
9.16405136143, 0.714406694132, -1
4.12956587356, 8.48313691798, -1
4.62218817008, 6.02353423863, +1
3.79970979269, 0.173169123174, -1
3.29662674537, 6.45510790734, -1
2.07695738834, 4.53696421758, -1
6.59805657702, 0.0257047169668, -1
8.51835945808, 9.09660564973, -1
5.25720044238, 7.50435373694, -1
3.21824624595, 2.33740089283, +1
8.04430228093, 0.792654601976, -1
5.16013042822, 9.54907313946, -1
0.561727741048, 6.16572319794, -1
1.09908732988, 6.79267397206, -1
8.51382209848, 7.55734802037, -1
0.879522199989, 0.462764167074, -1
9.39559817248, 1.37073954725, -1
1.37144233502, 8.98037936977, -1
7.16741831821, 4.82454230573, -1
7.47639134438, 5.95478796231, -1
6.25636801865, 8.82916101797, -1
3.33883890578, 3.64611761235, -1
3.71174184425, 7.70054233288, -1
6.33919031184, 2.48983583009, -1
3.3460754067, 0.168731837435, -1
6.07466172022, 4.2092834855, -1
5.56174958581, 5.38050949122, +1
8.79944513326, 7.06855043402, -1
8.9123062644, 1.75656848739, -1
0.281255761312, 7.58526741423, -1
3.58307758718, 2.25058183913, +1
8.63678697003, 4.70513970405, -1
0.282620755453, 2.85762808145, +1
1.11361381448, 8.64408379711, -1
5.71492172274, 3.13270393556, -1
0.118013532616, 3.39658924767, -1
0.229975793811, 3.29631601265, -1
2.46040021198, 4.89654605176, -1
9.7902375523, 5.55435587793, -1
7.45329474492, 1.929938144, -1
7.29027925702, 3.55359839239, -1
8.85958981136, 8.61618196321, -1
6.11010399099, 6.3136960167, +1
3.60754865642, 2.67213676808, +1
9.62723056888, 5.43413823806, -1
7.43018818506, 6.7246392874, -1
6.52647711912, 3.7231708919, -1
0.483228752728, 4.07945352797, -1
5.39786524004, 1.6131945673, -1
5.63565896534, 1.05705495559, -1
3.58117845787, 9.15457199124, -1
8.3565151237, 8.33739830488, -1
4.67650584065, 0.515903825714, -1
5.84583507925, 0.260562405061, -1
6.44937588801, 5.85696461576, +1
7.21576891924, 7.68147986711, -1
9.58248458539, 6.27479560347, -1
4.22070985887, 2.4863560741, +1
1.44265832789, 5.081271776, -1
5.52325215713, 5.94434431181, +1
0.527639318384, 5.12092637934, -1
8.37419275487, 8.0821970573, -1
4.42193670287, 2.01210674814, -1
7.80398496415, 5.68328752905, -1
6.07572716711, 1.10401540219, -1
4.22593954156, 3.42081537534, -1
1.55576105184, 9.70264484199, -1
8.34949201825, 3.3184441476, -1
0.184604550105, 2.19135133309, +1
8.05764785192, 7.0983400018, -1
2.99423683237, 1.84348233232, +1
6.15309024385, 3.0059971602, -1
3.80690568422, 0.586514583202, -1
6.61430006113, 9.5706176673, -1
3.01872724076, 9.80595457782, -1
5.11315428673, 6.00891161064, +1
5.39782909914, 3.26030298295, -1
6.69125672912, 2.6534057481, -1
8.242462267, 4.2486901912, -1
4.92410117406, 6.73326908293, +1
8.35347731903, 7.18067987622, -1
8.1347879008, 2.07496345325, -1
1.73673323104, 0.527383729349, +1
8.24378772547, 2.94684428256, -1
8.25643097741, 5.87944674383, -1
3.87413707824, 2.86166661959, -1
9.63290606701, 5.38770076607, -1
0.20898104671, 8.29863728439, -1
5.95235938595, 6.39435082317, +1
5.59152130203, 5.16200696059, +1
8.05289549226, 8.3932884375, -1
7.52052585903, 2.82827692089, -1
5.48578113634, 3.31069616228, -1
7.44562971217, 4.03166129248, -1
6.96548073045, 8.0034836471, -1
0.164040652626, 5.29968587258, -1
9.00555941466, 6.48324383983, -1
9.44113785779, 9.07350528107, -1
1.01897430527, 5.24638029462, -1
1.04625730008, 8.67175483359, -1
7.9868533771, 8.0911615759, -1
8.87942474903, 8.74395632404, -1
1.98928622921, 1.18601734351, +1
7.04129472834, 0.525969491801, -1
5.59383008464, 1.44641337838, -1
8.10348540385, 0.753871251299, -1
8.84919023064, 8.00188277205, -1
8.23460139766, 3.85264994228, -1
0.091306466539, 4.11131345577, -1
1.88021430138, 4.94840079333, -1
9.68870003929, 7.73421547592, -1
3.80056002029, 8.59558807703, -1
9.64423359377, 5.83549165181, -1
7.43847994939, 9.06648998977, -1
9.85477680592, 6.95434514044, -1
2.65986805722, 9.29040434984, -1
1.84925005399, 1.47859090109, +1
8.31135848276, 2.09859468295, -1
0.485188069154, 1.5193506775, +1
2.58254866344, 0.653930883006, +1
1.98125869797, 6.96201489093, -1
2.08821340425, 6.70024578874, -1
3.44823826184, 5.41083738347, -1
1.34021997747, 8.29125249072, -1
4.89767674736, 7.91021236767, -1
5.47923613328, 9.19717178649, -1
5.70933389594, 1.51148245743, -1
3.74916583195, 3.64849528158, -1
8.47343153709, 5.17813225212, -1
4.44386695883, 2.23760363027, -1
4.22083661877, 3.03644447498, -1
8.91378497308, 8.44787893431, -1
5.38712228274, 2.53697590745, -1
3.69794061546, 1.08513899387, +1
0.0967445657417, 9.83590200674, -1
3.75873664006, 5.80201307734, -1
8.31739402854, 8.35782388883, -1
5.80642100197, 3.64032550617, -1
9.03692355909, 4.62765474328, -1
6.13599803875, 5.75439410788, +1
0.588199398716, 2.59745888619, +1
3.46314021753, 7.79090036687, -1
0.244849532453, 8.85168243247, -1
1.74908597275, 6.97055496908, -1
9.11674330717, 2.39158874737, -1
0.826321695087, 5.06471375139, -1
8.72554882573, 9.55453814237, -1
8.88378131546, 2.9847199934, -1
7.08551535657, 7.25207257547, -1
8.37753848189, 0.918921490758, -1
8.74387400469, 1.30255814325, -1
7.39975053797, 1.94602072064, -1
8.40522257916, 1.73967904322, -1
1.97438817435, 5.39573276112, -1
1.72442852969, 9.80299101543, -1
5.73217821936, 1.04105662309, -1
2.76884063609, 7.12838152415, -1
6.3746057583, 4.19936822598, -1
8.06664965909, 0.433070084509, -1
8.61954340466, 2.38935489261, -1
3.94277829828, 3.68366822001, -1
6.06846379331, 9.48103280904, -1
5.00687020075, 6.77137083127, +1
8.51860843037, 4.76724101274, -1
3.43630884827, 8.80383971992, -1
7.26793847401, 0.207860688337, -1
6.84098484333, 7.033508789, +1
1.55176695463, 4.16798339867, -1
4.02566478532, 5.43683102646, +1
9.62822413555, 6.89282865498, -1
2.4270180312, 4.13644097404, -1
0.870890525748, 8.04569326265, -1
3.96394656436, 8.58297249732, -1
7.29941838794, 4.07757035247, -1
3.15623358768, 9.76464300413, -1
7.15629740384, 2.33427821148, -1
5.78939422299, 7.63351306654, -1
5.71511131329, 3.75401119813, -1
1.87074365107, 2.90701493009, +1
6.10436867939, 5.32245292906, +1
3.17664419141, 4.26921084895, -1
1.51704849948, 9.04371440757, -1
7.03450729404, 1.73296698973, -1
3.03867517598, 1.10966173879, +1
3.64346692447, 3.0202577851, +1
8.96648012858, 7.01894643915, -1
9.05555732413, 8.53657622018, -1
4.94869466969, 3.07722987765, -1
8.05963412192, 8.40255658748, -1
4.06867747267, 1.07442269411, -1
9.03308676325, 2.36314890587, -1
7.42271344316, 7.27988458668, -1
0.0454497877405, 9.0457140014, -1
3.53318748212, 3.59823352707, -1
5.54748479657, 0.0986861799655, -1
0.224377921128, 4.66097964886, -1
1.05728662255, 2.3804417018, +1
1.59855198735, 7.38468171079, -1
7.42952334765, 4.07810046249, -1
4.20627825913, 0.991368298693, -1
9.97749255391, 7.78048382377, -1
6.96921884668, 0.876766579015, -1
2.60018094018, 6.6038256947, -1
7.40874403835, 5.24298306692, -1
3.29506480804, 2.95692193447, -1
6.1334884298, 0.79535382733, -1
5.0954144173, 2.11235780425, -1
5.26336858106, 5.22115791115, +1
4.74818098318, 2.28043973882, -1
6.08552511436, 8.34361365975, -1
1.31710051411, 8.4464934769, -1
5.49891061844, 6.83145868662, +1
3.26258601262, 2.43555235108, +1
7.72018319572, 3.28017571144, -1
0.668876791004, 0.763012610675, +1
9.81120396798, 7.99661960098, -1
4.4284486188, 3.92912779013, -1
0.553136503519, 6.60074227619, -1
3.15398363843, 0.246690950813, +1
7.76979807739, 5.89971393831, -1
1.32919581123, 1.07895603455, +1
1.68109048661, 7.43994374409, -1
5.59704435878, 6.22270273901, +1
3.13718899846, 0.316172577486, -1
4.84033099108, 9.98731311623, -1
3.8762704247, 8.21587054106, -1
4.82354637943, 2.26995271421, -1
7.88630632906, 6.56739893093, -1
1.21234047104, 8.45129086108, -1
1.48212447035, 0.639851969297, +1
5.03485501789, 4.45143216039, -1
9.61748194487, 5.94507694739, -1
1.35043000509, 0.0560931834464, -1
3.10484316657, 2.12372635904, +1
2.80410005389, 1.86046008108, +1
3.1345792638, 5.57953870126, -1
7.09668346424, 8.60863373542, -1
9.68981821496, 2.40644838038, -1
8.60878001089, 9.37999710676, -1
8.16557508461, 1.81892940469, -1
5.93006899519, 2.42536445566, -1
1.71254636808, 5.45198539902, -1
6.99676584286, 6.57233701975, +1
4.07049001664, 4.25897161303, -1
0.763472658916, 1.00406289895, +1
0.0446097103207, 1.59728294299, +1
9.32849619328, 5.26802729705, -1
0.641257981238, 7.92704439943, -1
3.65462958851, 0.0737478480592, -1
1.48641450558, 7.96866818095, -1
8.42148784336, 1.6846516891, -1
6.07067029391, 9.61921399673, -1
1.65936184834, 3.74019482581, +1
5.60021397321, 4.54999176788, +1
8.98306138372, 8.35880407046, -1
2.24332320527, 9.2549865514, -1
5.56244682905, 3.63143005874, -1
0.810234789868, 7.9179663875, -1
0.531706202405, 9.76622550234, -1
1.3169743409, 4.19509291771, -1
6.66953745977, 8.14573364304, -1
5.10533839006, 3.89482813863, -1
5.5562420024, 9.44762641824, -1
0.103822416588, 3.12589133198, -1
6.97756131357, 4.08471084575, -1
4.35149923527, 4.48881717189, -1
2.33751846688, 7.63416833856, -1
3.40016136766, 1.09809930974, +1
0.362161561581, 8.0537039883, -1
1.16011654747, 5.60615331201, -1
5.08982288362, 3.30796080605, -1
5.79980204309, 0.256249516262, -1
9.16183585133, 4.27538143996, -1
5.07196924151, 5.68282749014, +1
8.33699823828, 6.81854002891, -1
8.79776959937, 9.61750494474, -1
3.64077824968, 8.0145437972, -1
7.87987788106, 0.76109025028, -1
6.86569577071, 2.84338292341, -1
5.94579969157, 0.165385130239, -1
8.15562429438, 9.15533559812, -1
3.6048684504, 9.62122416883, -1
8.63523295811, 5.73275184668, -1
5.92732232367, 0.870101941959, -1
2.7509169994, 1.51956788175, +1
3.1425725603, 3.59502409579, +1
0.356833576435, 1.80027212339, +1
2.71945849815, 7.79933338669, -1
5.00231953169, 8.83642396273, -1
0.0459916585764, 4.76456993106, -1
1.62621815467, 7.16057208932, -1
3.79000671313, 6.39656762517, -1
3.95908285348, 8.51891691631, -1
8.15739258641, 2.60231109399, -1
2.21153817731, 9.30152085981, -1
0.22890627696, 4.53046220953, -1
7.48286962363, 9.08660819465, -1
6.39228871982, 2.70373309894, -1
1.31929823809, 9.29657599872, -1
1.34329951205, 3.3262756347, +1
5.32135488112, 5.60770579377, +1
2.03023430315, 0.424677630127, +1
6.2501058844, 5.09068355926, +1
7.19038797877, 2.88016420953, -1
7.7112180224, 8.3009143344, -1
1.94493937335, 1.52806329478, +1
7.26585334424, 0.086567825612, -1
2.1140532265, 5.33624998417, -1
3.60236810041, 5.04048465353, -1
7.80183453411, 7.74841669566, -1
2.27699849296, 9.8471739081, -1
1.39940991907, 3.66077554205, +1
6.83210197491, 2.30605968535, -1
1.82251226857, 8.57932130406, -1
3.85572859618, 6.7748233224, -1
5.10638934239, 3.14321536186, -1
9.27364377621, 8.73674990288, -1
3.27040561473, 7.17862831163, -1
5.55630070662, 0.918452559296, -1
8.37572096815, 8.95579141778, -1
6.43330539405, 3.25989549605, -1
9.85988591257, 9.21392637739, -1
5.26223056986, 9.48500996708, -1
2.94449199412, 1.6105285895, +1
5.05531757686, 9.32067863567, -1
9.61179709096, 8.90952182798, -1
4.49757866622, 4.77458134933, -1
9.07268931877, 9.7816960447, -1
7.98683119092, 4.12552347654, -1
1.72394088296, 4.66324127265, -1
8.37363051238, 6.0890499463, -1
5.65500035339, 0.777753091411, -1
2.02721797921, 7.12289346727, -1
6.57582036786, 8.94425150193, -1
0.525906482977, 9.02427610044, -1
3.41069833016, 6.09874121176, -1
6.28915552037, 2.25478037016, -1
3.60379289818, 7.61981322521, -1
8.03333483908, 6.11850122432, -1
5.46826718642, 8.72847610801, -1
9.97288695572, 5.98868905032, -1
0.605703369936, 2.92498139154, +1
2.40326400447, 2.50143134581, +1
4.36722451364, 3.33645785184, -1
7.77374020801, 4.09136092395, -1
1.45322801119, 9.5657425105, -1
8.62802724649, 2.47647713683, -1
8.42569140393, 0.196331624493, -1
7.48711334197, 3.67851171801, -1
4.62057260171, 4.25172683616, -1
8.94301995955, 2.56482518963, -1
8.98749788829, 3.24023596212, -1
7.41658710533, 9.31320157069, -1
7.44529476387, 3.42274314967, -1
6.7373267632, 1.74061532579, -1
3.21444649324, 9.09641642773, -1
7.46751626478, 9.29771579387, -1
9.73830426181, 0.0621095817683, -1
4.83841627595, 3.74329630608, -1
6.73812091306, 3.29335684604, -1
0.45723796478, 2.43367168176, +1
9.47442126114, 4.50455618736, -1
1.69713593363, 4.73750588706, -1
4.77102960237, 5.85876113737, +1
5.7648668022, 2.68032430959, -1
8.70433257101, 3.39328680701, -1
7.53540084948, 9.49640029113, -1
5.43933300896, 9.31988266544, -1
3.30022834, 6.59902719531, -1
8.96519689701, 1.70618508638, -1
1.36354993171, 9.2974567235, -1
7.82738220904, 3.78883469206, -1
9.42128074821, 9.88813386552, -1
0.458565474193, 6.25611827965, -1
4.81471763151, 1.08146703122, -1
6.77988540623, 0.346857948928, -1
6.49658221489, 3.69973290426, -1
8.54498264235, 0.440214609015, -1
1.17311103955, 5.13136270908, -1
4.08923455859, 8.63994508412, -1
0.0661646649551, 1.25477466284, +1
6.66593554185, 6.60391169706, +1
7.892699102, 9.31345565978, -1
4.49020301981, 4.28835558312, -1
0.516059802738, 5.61615451849, -1
4.65281723379, 2.21702355413, -1
6.01868446393, 4.07224362188, -1
7.22519472474, 0.425403181343, -1
7.77461969735, 9.55482601134, -1
8.70620908146, 6.86866309627, -1
5.53661510778, 4.96601240012, +1
3.86788421232, 5.11812647543, -1
7.47312520714, 3.91244452173, -1
3.17964264801, 1.80029619757, +1
5.13990463005, 4.0885377515, -1
7.71177433934, 7.31019438357, -1
8.43243336977, 4.7977049415, -1
3.18901115192, 7.31764183209, -1
9.55564849453, 8.95703899921, -1
5.70606343373, 2.74129745576, -1
5.30309222234, 1.32666946743, -1
4.90729893073, 0.572928376216, -1
0.909331877279, 5.32020386107, -1
1.04238188934, 8.4539693789, -1
1.93260742389, 0.602548133787, +1
6.88572131803, 7.27250732714, -1
8.24286062958, 3.83481895855, -1
9.04786000797, 6.20803174549, -1
4.38345121896, 9.35465614305, -1
4.1878418499, 0.128577330237, -1
1.26835611263, 0.354932656796, +1
9.11436959674, 0.628487211876, -1
0.414715316555, 9.46564079582, -1
2.60537265406, 5.4623475093, -1
0.675549459458, 6.98875192205, -1
0.61144055959, 3.4036414449, +1
5.39042807737, 6.08514899423, +1
7.76615245114, 6.19033659731, -1
0.854464611445, 3.31079245484, +1
2.15526422307, 4.8159457327, -1
3.50513608911, 1.94282143079, +1
1.44142157118, 4.998415566, -1
4.96999368484, 8.39908695796, -1
6.47236269071, 3.05248974572, -1
5.24049943187, 9.71596792521, -1
0.30078213273, 0.862864689806, -1
2.12794724072, 6.76725867094, -1
1.84919432269, 0.943670682747, +1
7.66297466606, 2.53566802919, -1
9.63174434974, 1.30592270804, -1
1.79899979304, 7.49819390789, -1
2.79436063236, 1.12863181448, +1
5.46634684884, 8.81493001692, -1
4.29481179493, 1.44676034899, -1
0.726610854521, 9.21122805798, -1
5.27923212595, 9.41688797486, -1
0.994497856825, 3.83760409717, -1
3.13166729295, 7.14611650555, -1
8.66759891802, 9.64872177521, -1
9.88038130451, 7.24625366017, -1
5.90206893951, 2.32388811591, -1
8.25239889552, 8.29445001715, -1
3.92454188795, 8.67233735797, -1
5.55213988593, 7.67934841033, -1
4.6568148479, 0.0743376658264, -1
1.51249188855, 7.44002991266, -1
9.29767994042, 3.22046308148, -1
9.453669481, 1.24506473792, -1
5.77878158916, 4.68694064934, +1
8.18548976108, 5.67113891055, -1
2.56509329923, 8.18285379973, -1
3.94221704076, 6.66348559625, -1
5.93857252725, 9.27776956235, -1
6.82212617149, 6.30289393384, +1
9.09842296563, 9.93782697232, -1
2.3925671483, 9.93446231113, -1
0.752216078739, 3.39760891431, +1
5.41079021526, 6.36611090564, +1
6.18978091077, 8.58939589133, -1
9.32983394422, 8.51353404619, -1
4.19105786567, 1.46304487663, -1
3.97881924864, 2.5236829143, -1
6.30792276586, 1.60869549419, -1
5.67494375055, 8.58368784387, -1
3.20231584587, 5.32793993475, -1
9.02710553137, 7.39355510223, -1
7.13697186984, 9.77664936308, -1
9.82651181763, 0.691699958846, -1
0.940794164951, 0.589893907635, -1
4.48977212734, 4.06940094295, -1
9.33107353504, 4.01275907649, -1
9.03865554571, 4.85151614007, -1
6.37776640567, 8.18506691693, -1
8.21556406985, 9.92435339835, -1
0.0653379086171, 5.4872608991, -1
6.78896377427, 8.8263260304, -1
2.56202349527, 4.00860371298, -1
0.633955327063, 5.88176079465, -1
4.68813550332, 6.15130456004, +1
4.01798500424, 6.03492087154, -1
9.24835220604, 0.252262290543, -1
0.512976335953, 6.36842563074, -1
7.58372030879, 1.24417492019, -1
7.18270596721, 1.63066112608, -1
4.78549804866, 3.97009473776, -1
9.96208167478, 9.59836591128, -1
9.83541049373, 3.07199404103, -1
4.55047989407, 2.52869697523, -1
4.19644581749, 9.95225000073, -1
4.71735620521, 4.47745130786, -1
4.79053062776, 2.73024575138, -1
3.77128480653, 7.66782072475, -1
5.74531811944, 3.28121588743, -1
2.23687369312, 8.5746796132, -1
0.364763079743, 6.03023275196, -1
3.13015791405, 3.87352314336, -1
7.65026964273, 0.665323971481, -1
3.48705509488, 1.4563513831, +1
7.10072019777, 0.0542944781573, -1
0.522355942192, 1.53721334088, -1
2.50278333315, 1.01186799433, +1
6.64675904339, 9.67974072342, -1
4.00075873548, 2.8419717701, -1
7.26625122522, 9.32649907304, -1
2.48627123045, 7.11884876684, -1
2.52717212282, 5.69494777274, -1
4.75572593746, 8.09534074361, +1
4.02922724739, 2.8089265835, +1
9.05717486564, 1.4430086911, -1
8.64264915405, 5.11888374372, -1
8.36930214077, 4.26832891877, -1
7.32415634419, 9.69043374155, -1
