9.22041796951, 9.78858637739, -1
9.5491839414, 4.24005734623, -1
4.71930063697, 7.34836630206, -1
2.04115631085, 8.17622187703, -1
5.88127628431, 1.74198815671, -1
5.7062725064, 8.32663249778, -1
3.33706662456, 3.58396256918, -1
4.83551974314, 1.58684350297, -1
8.79744800941, 7.57700123228, -1
4.83563056403, 1.12726449224, -1
0.0722206826737, 3.72001998796, -1
6.3443872152, 7.37975483623, -1
4.45598868044, 8.68679817058, -1
1.39361513072, 1.70536536301, +1
3.10303978787, 5.31062879045, -1
6.27981744013, 4.54333172554, -1
2.17012670337, 0.555066544907, +1
9.90921344111, 0.382211922832, -1
7.29330903735, 6.00595017965, -1
4.00808092737, 4.5290342122, -1
4.90523021945, 6.11945157517, -1
6.71134555948, 3.88059620559, -1
4.83262917272, 5.91836117788, -1
7.8144240214, 6.85767697279, -1
3.34976974575, 6.94296841206, -1
2.93814853798, 0.285901037002, +1
3.09907608388, 0.333665785105, +1
3.01908853679, 5.53335002927, -1
7.7065413073, 7.51736191994, -1
4.15124752907, 5.45283993983, -1
1.07111484009, 2.32873528366, +1
0.854728483241, 1.52866510728, +1
9.73460923513, 5.44486128388, -1
2.32969671147, 2.17883011433, +1
5.10525714892, 1.25603785833, -1
8.95139911181, 5.68078727371, -1
9.52391087845, 0.637930575144, -1
5.76530985725, 8.80162218339, -1
1.30026932503, 1.87236861447, +1
2.90500118437, 4.72980498962, -1
9.574879121, 5.63078531109, -1
6.75054634639, 3.49706426434, -1
0.685430391477, 6.21331117199, -1
8.06478188504, 8.72712607943, -1
6.73161354725, 8.22663247635, -1
1.98597797783, 4.1214088307, -1
0.633191545497, 6.37709499916, -1
6.26102887241, 6.65450008336, -1
9.3251518249, 5.54794848759, -1
0.178858850323, 4.94392380153, -1
8.44956662634, 5.59314224598, -1
8.85194177856, 2.40287585927, -1
7.29529228234, 7.36726490627, -1
8.44480096441, 9.08632662115, -1
3.34982659372, 8.52779875173, -1
3.59105335192, 9.49670940565, -1
2.66091210909, 1.00922661595, +1
2.81866304223, 6.39018781539, -1
2.90600350235, 0.483945277081, +1
4.61153499598, 3.31425722591, -1
6.32697113145, 5.84331991602, -1
6.88356420457, 0.889927588452, -1
7.56582763987, 6.43315787578, -1
7.78201412047, 5.59095615004, -1
3.98600224552, 5.02630930364, -1
6.74666681804, 3.68601383446, -1
7.59833658376, 5.46499075582, -1
1.75489017941, 9.16342112967, -1
0.332909403452, 0.159283505678, -1
4.53388272832, 6.4881819416, -1
3.62866401092, 9.67766596368, -1
6.78873028414, 5.87901240054, -1
2.73593037876, 6.38658566508, -1
4.1385890982, 7.03461552082, -1
4.92358627081, 8.16564365742, -1
2.87901757888, 6.46235825989, -1
7.04672939228, 5.53679380211, -1
3.83281923194, 3.31593552526, -1
0.625096352666, 1.48814786615, +1
6.08485523565, 0.176797850643, -1
2.11585646412, 7.37143606526, -1
7.28125893682, 0.70913222748, -1
0.889247859642, 3.49320762504, +1
5.43094439266, 2.1929891381, -1
0.261532167908, 9.87901869332, -1
4.34014542324, 6.97812963386, -1
9.12137917004, 4.99952332281, -1
3.66610373741, 2.34141586796, +1
5.81796778142, 6.0717319493, -1
1.19742187433, 8.29649898585, -1
2.57337979882, 8.82542659747, -1
2.80325987067, 5.65941726431, -1
4.48575260822, 6.15275263602, -1
3.29748163112, 0.084846702447, -1
2.97233719924, 7.50296987372, -1
5.39659401181, 9.91851225351, -1
0.828585045233, 4.67098715024, -1
0.746934298663, 7.0021866643, -1
1.26647294306, 4.29006914348, -1
6.0273096282, 2.52492046496, -1
3.92724522907, 2.90580977211, -1
4.94985909757, 9.18681522597, -1
1.36133009658, 2.04638112102, +1
1.40282895454, 6.28266379584, -1
4.95119432616, 7.48347026227, -1
1.8690810353, 4.75396638593, -1
5.80690727423, 2.6654847518, -1
5.68690842275, 4.3510168413, -1
7.34019914253, 8.33249005807, -1
1.9557870311, 0.395218205767, +1
8.6330871618, 9.27784772325, -1
9.72014040658, 8.36541732407, -1
3.549434688, 6.93582316726, -1
8.36513708285, 6.64352640575, -1
3.67119923092, 1.76945733467, +1
7.93664010953, 3.69250053203, -1
4.57065814252, 7.90231051095, -1
0.749751235792, 0.0822972070314, -1
3.72100012346, 5.98728634253, -1
2.09341204597, 7.44050944862, -1
0.684475355974, 5.46150890947, -1
8.44350554215, 4.24583017938, -1
0.110680683245, 3.22371530229, -1
7.81045316171, 4.41046172684, -1
1.56274307118, 9.05463292914, -1
6.08993774515, 5.49608925431, -1
9.84185011317, 1.7930707073, -1
6.48206287099, 6.53628989644, -1
7.48583995706, 1.33455381342, -1
0.135238736708, 2.32035735225, +1
6.25334192956, 0.324926992464, -1
8.64809828151, 3.42166104022, -1
5.43607698677, 8.38108969585, -1
5.53149853106, 4.12433858247, -1
0.640834569908, 7.79735882307, -1
4.5396326063, 1.283139731, -1
3.77128444401, 0.970001443582, -1
4.22983242429, 6.22685761127, -1
2.86035298346, 7.26402184899, -1
2.56142908303, 6.15033174106, -1
2.91023951407, 7.76871042467, -1
9.12722644706, 9.49243924316, -1
1.20816006928, 1.2565413968, +1
3.55164569838, 4.57620618722, -1
7.41953723903, 0.805869389966, -1
4.12894664347, 6.73285292636, -1
4.80969496903, 2.24528338277, -1
1.6352722165, 8.66499926718, -1
1.70878320756, 9.34893431597, -1
1.30395448011, 7.25331441479, -1
8.73197564671, 8.47118273494, -1
7.73747072077, 0.790507941173, -1
9.77619121054, 0.852284117844, -1
4.08179197328, 8.92321695853, -1
9.81842318681, 1.98508996384, -1
3.60968689381, 2.99241069024, +1
0.873108771044, 9.39694561681, -1
9.9196631215, 3.08120098662, -1
8.58337120495, 1.59480058947, -1
0.944877984346, 7.16851691881, -1
5.15363476669, 7.74609700594, -1
4.14997606902, 4.08930965945, -1
5.56892508373, 1.34436384718, -1
8.28759692441, 5.53468267048, -1
4.88997168707, 6.42935406141, -1
9.58735730134, 8.42603480632, -1
1.6642650676, 3.87961491576, +1
2.50542039075, 5.47233471668, -1
2.18331079905, 0.502148803931, +1
4.91778051202, 1.64310193569, -1
1.80073441603, 6.00753342397, -1
0.603257515403, 1.8160146945, +1
3.46200350382, 7.1135283754, -1
9.54424694478, 0.476958807904, -1
1.57446564383, 6.90055985426, -1
1.43682902138, 5.8517656335, -1
4.87718631218, 1.2133899805, -1
7.50381253017, 0.928953275176, -1
1.89106103902, 4.93785037989, -1
6.14952932585, 7.37755043409, -1
7.08424462472, 8.51984118285, -1
5.03120556329, 6.89379932109, -1
7.94289846945, 3.26535570349, -1
4.72184559689, 6.03354683481, -1
3.43184711838, 3.93869880012, -1
1.0344418614, 1.50383006409, +1
7.91899908974, 0.810436084647, -1
1.56135339802, 4.56285578867, -1
6.28891071556, 1.99889123068, -1
1.21795040011, 5.39774925159, -1
7.81437808165, 9.57792494684, -1
5.27606706621, 6.97544092861, -1
9.01693888323, 4.60848566632, -1
9.26886458367, 1.96293821131, -1
3.13187363349, 0.737613314991, +1
0.942552960545, 1.12020177422, +1
3.22778620609, 2.12842269552, +1
8.81367084818, 9.5649362441, -1
9.73885396113, 1.19642267486, -1
6.05235709576, 0.874435509262, -1
6.93407877076, 6.63228451657, -1
4.46705009267, 9.22660681748, -1
5.70107093506, 9.96260882696, -1
5.38218777816, 4.05044937895, -1
3.27236388368, 6.02681046828, -1
0.987323594065, 7.14601809371, -1
2.52886152551, 5.27242282699, -1
4.76769502609, 5.31075075203, -1
0.384087134002, 5.99265875887, -1
8.51466377881, 7.25102949555, -1
5.11246569965, 8.04048524923, -1
8.08539491804, 1.12304920057, -1
3.80573526159, 3.6057683943, -1
9.07321698837, 5.84941742436, -1
9.56523678638, 7.39599082832, -1
1.47696080954, 5.25500185952, -1
2.57077416827, 9.87193524621, -1
4.33592580771, 1.45785642823, -1
7.31346174031, 4.21182369497, -1
5.83643943896, 5.72913997091, -1
1.26006838631, 8.17093368086, -1
5.05791968334, 4.60413651872, -1
4.57827698667, 7.12315808216, -1
6.27152988894, 1.22204183673, -1
3.81991492776, 7.29632588607, -1
6.12859981514, 4.13995188615, -1
7.24310610691, 3.16139467379, -1
4.96687619588, 0.319973284369, -1
0.864061270791, 5.66112298331, -1
8.04103300147, 8.09604164963, -1
5.85020694226, 3.56598997825, -1
4.14102413269, 5.54896221176, -1
4.65990354349, 1.29792659286, -1
3.11387347987, 1.39097393988, +1
7.98580156229, 1.59373688828, -1
0.891381003908, 2.32358574794, +1
4.62164994928, 2.63124552098, -1
0.76809367568, 8.2579033457, -1
5.49528989072, 3.33752603623, -1
1.5062540873, 0.203821487597, +1
8.45266717152, 3.16064209312, -1
3.02650760439, 5.26715175925, -1
3.16443367589, 3.6296306779, -1
9.9264708139, 1.89128514683, -1
6.21524584698, 9.92373810707, -1
0.754138520689, 7.6488505388, -1
9.86784124557, 3.10628024126, -1
7.0650122717, 4.87431506903, -1
8.49274078652, 3.30055005133, -1
9.22913371792, 2.09914994959, -1
4.23283582648, 5.65060436246, -1
7.03588320779, 7.89498754274, -1
3.76959304747, 2.76964939055, +1
3.04041806889, 2.50063228031, +1
9.87630583915, 8.58319423821, -1
2.61991745127, 6.14469686144, -1
3.25886797011, 5.99184551706, -1
8.18014528565, 8.00886374792, -1
7.57183000837, 0.90611870188, -1
1.26652705835, 4.13121983919, -1
8.32597586003, 1.89185715875, -1
4.03893179197, 1.44521226168, -1
2.04566692114, 6.40907560288, -1
6.69192602516, 5.67068906291, -1
9.28842716483, 7.76213504358, -1
4.33316266981, 3.39206146446, -1
1.04384274469, 4.76218543684, -1
1.46691568726, 4.11751851473, -1
7.8938048206, 3.34990775438, -1
2.68178346945, 3.81337422784, +1
6.66353522955, 7.06780228761, -1
3.78031824017, 3.05070868009, -1
8.17486402043, 6.4789232399, -1
8.05125609641, 1.92595637811, -1
6.61148299717, 0.00119379760286, -1
1.14872312627, 2.34038516977, +1
4.87128819457, 6.67640075706, -1
2.60993425882, 6.21469550592, -1
8.94439044833, 8.7014540804, -1
1.48177685523, 5.74143421257, -1
4.62631979458, 8.9624574529, -1
1.39955043589, 9.53435158343, -1
9.95746011402, 9.05280726443, -1
2.58752802982, 0.0425076861156, -1
4.41721745855, 5.27516553682, -1
0.917688413728, 7.62964649815, -1
3.40222180479, 8.71969876122, -1
1.77768947181, 2.94095766759, +1
9.70903476481, 7.36455614878, -1
3.13213736674, 1.46827703496, +1
7.39974717491, 5.48298743856, -1
6.89648909997, 5.06544481758, -1
3.49095184767, 1.62483355953, +1
8.43022268303, 1.91795979159, -1
1.10955207455, 5.92803507731, -1
2.75682673235, 4.02211077969, -1
5.02379782696, 2.16105794058, -1
7.90662291676, 7.54413834586, -1
4.28475292787, 2.70485724575, -1
7.36730969951, 8.1629538509, -1
1.81049306445, 4.3582319429, -1
8.47572017197, 6.40374465492, -1
5.71586202283, 4.96114397447, -1
0.978452244444, 5.75380947919, -1
9.96427980378, 5.97258132032, -1
5.85590606081, 8.6184883744, -1
1.76774508925, 9.73666968682, -1
1.95992762439, 9.77688389101, -1
6.04941665605, 8.44162752532, -1
2.31939861455, 0.774930683742, +1
6.21266134886, 4.46234997974, -1
8.12580420187, 3.5396370923, -1
9.07555005705, 5.13472687706, -1
0.58230231598, 0.952652226103, +1
7.78328287824, 9.62332410112, -1
1.47670470888, 3.64535147009, +1
9.73323941973, 7.95712619686, -1
7.45684181052, 9.41841874539, -1
7.8201233514, 3.05067194739, -1
4.24850186316, 2.34586222746, -1
3.78681996753, 5.42423786377, -1
8.57553258002, 4.03927442271, -1
4.39459091274, 7.11765363049, -1
0.726197646064, 0.324444785571, -1
2.00659376717, 9.57741872853, -1
2.98956176917, 2.77502061632, +1
6.01235004209, 5.19845450283, -1
3.48151624706, 1.37484014164, +1
3.50269719201, 1.11350830316, +1
8.58470879271, 4.78696274626, -1
0.281043795818, 9.14705391492, -1
9.17284474464, 0.0312607523052, -1
4.17997457721, 1.83736202905, -1
1.56812946702, 9.47499399366, -1
2.69309841041, 9.05557057643, -1
7.10943896997, 1.48935507491, -1
0.268254410799, 6.54412998103, -1
4.00983825348, 3.0185752222, -1
0.353099108243, 0.904681135207, +1
0.0204477911497, 8.0283238395, -1
5.25430238162, 1.94977283262, -1
4.22890342789, 8.71382156857, -1
6.03244089246, 0.552106706894, -1
9.61874943053, 6.90435824321, -1
5.47611370364, 8.07192846019, -1
9.32627432615, 5.251773144, -1
7.39143774987, 2.48924059386, -1
0.155212050847, 6.26393608628, -1
6.79826819573, 2.76024325443, -1
2.34535936902, 7.82850219409, -1
2.24278462828, 1.08780442088, +1
1.09620403115, 8.805487368, -1
3.96556479354, 6.7185087728, -1
6.70284013982, 2.36595449822, -1
8.72415976457, 1.71916367818, -1
4.17036456873, 5.27569696706, -1
3.32096757994, 3.9421600053, -1
7.53298527608, 1.37073188724, -1
7.07931050906, 3.08444246161, -1
7.00862513213, 7.44774326476, -1
0.661212515534, 3.12272040573, +1
5.23059426141, 0.0284875625753, -1
1.38603325208, 0.223173645267, +1
2.30974468683, 6.61247337404, -1
3.82742147357, 4.10610929994, -1
3.19747784313, 1.36461880452, +1
1.75924292733, 0.530246267318, +1
1.48406562345, 9.59665812837, -1
3.86419845949, 4.37922541672, -1
8.41103990766, 1.55628215472, -1
0.458908175247, 2.56306658993, +1
6.28843947423, 7.38321777486, -1
7.64907747089, 0.338186614059, -1
4.48008025743, 9.9808433986, -1
4.55140089396, 1.05085907377, -1
4.56171908797, 6.73523109758, -1
5.81358927215, 6.21484335954, -1
7.18878452824, 7.95369141088, -1
2.36332018566, 9.49557691183, -1
2.13231932859, 3.57279957526, +1
4.19224576751, 8.21664765922, -1
7.13271089928, 3.38250933201, -1
2.30237500981, 4.19491591017, -1
8.34331300255, 9.99287237744, -1
4.58282522838, 5.47917563176, -1
1.49737440158, 1.7625956353, +1
8.27071381194, 7.57887777678, -1
3.62349384719, 4.61576408792, -1
9.80028613411, 4.1177247633, -1
7.38610465982, 1.62782042973, -1
5.26659817696, 4.96404021178, -1
1.13739566468, 6.54289202512, -1
7.42440942634, 6.79193815608, -1
4.34869564691, 5.31220741496, -1
3.10171427366, 9.55199133443, -1
4.24167895799, 3.35956178325, -1
2.01006342322, 3.84783951335, +1
0.96605491966, 0.377273966541, +1
8.49459670085, 8.35480179538, -1
6.52497076483, 4.09809260673, -1
1.80725212416, 2.84660141032, +1
2.41317227929, 3.31098337209, +1
4.46090695758, 2.20056401871, -1
4.18951687131, 6.86928842995, -1
1.80418914524, 6.92064938715, -1
2.83907171006, 9.65670700428, -1
1.02276197701, 4.71166229889, -1
4.86655649777, 1.49094798351, -1
7.80448252574, 2.03381077018, -1
9.2851851125, 2.74270740387, -1
6.20941171832, 6.20123502476, -1
5.80851066462, 1.62693605026, -1
7.31908203493, 6.94131890635, -1
1.83486129562, 8.12113500725, -1
0.5616668659, 7.43098325746, -1
1.01621772363, 6.53311725814, -1
4.88199698885, 4.47073976533, -1
0.681808194008, 7.44835072668, -1
7.26527843381, 6.15125165934, -1
3.83130206313, 3.55538520056, -1
2.67520998209, 9.66972120721, -1
4.49428626467, 3.70836352949, -1
3.15779462423, 1.35309201569, +1
0.479417831561, 0.413251127219, -1
7.95876554615, 8.30177908726, -1
7.26979295362, 2.56292901204, -1
8.94639400395, 0.983323502665, -1
1.69041046599, 3.72777222126, +1
3.29686342265, 5.90470705264, -1
2.0370474982, 5.32453824486, -1
3.98780625436, 7.36868371297, -1
2.61269851552, 1.79022647963, +1
6.649602637, 9.12191901531, -1
1.28041942744, 7.64308003576, -1
1.37700558144, 1.83224907991, +1
2.27647680771, 5.9023021013, -1
8.90591308991, 9.74307943873, -1
2.72056208647, 2.27476925463, +1
4.35388307155, 3.53187344009, -1
3.64383479704, 4.13597075442, -1
1.7857304581, 3.50492109226, +1
3.44354073322, 5.51701637426, -1
0.884140009551, 2.70481653263, +1
9.84268507098, 7.51396305701, -1
6.88292609865, 8.70879842226, -1
8.02245090602, 9.80405958515, -1
1.82229742405, 2.78986332141, +1
0.161617097262, 2.43360361772, +1
4.36945816937, 4.77058110439, -1
3.78748045666, 9.61676703113, -1
1.58733666192, 5.16908343979, -1
2.04904415884, 3.40572801507, +1
3.74153225287, 8.31179558879, -1
4.58114452224, 6.45856313269, -1
8.19256293297, 9.20584534347, -1
4.52348047759, 1.6387681495, -1
4.97944478726, 2.60045096909, -1
7.16722718167, 4.22296652773, -1
5.48849838718, 8.74170200947, -1
9.71098806284, 5.76044507326, -1
4.12933966405, 4.71762805004, -1
6.16133885091, 8.32039708453, -1
1.8948006579, 5.84339581244, -1
3.87637691207, 1.3926507301, +1
6.04853821233, 1.11138634395, -1
6.89392187087, 4.05798986848, -1
7.79330178272, 7.17799513108, -1
8.12186019359, 0.481444983127, -1
1.07153997118, 7.162359352, -1
0.45978857973, 3.38064108851, -1
0.7250247834, 3.05029561529, +1
6.3156060389, 1.69791627216, -1
1.17870017556, 4.04646558871, -1
1.71804285291, 7.74110941779, -1
9.84550020587, 4.08739983509, -1
2.03991306774, 8.94744976189, -1
3.52768603805, 2.91433757806, +1
5.75562174538, 5.94940612328, -1
2.64196914162, 4.51071696895, -1
2.99221956568, 3.77991298272, -1
2.15148213536, 1.91209690843, +1
5.30293351598, 5.65628603132, -1
9.45631572288, 0.732042075039, -1
0.85198618446, 6.48162380303, -1
9.20596042065, 2.70413839066, -1
2.86278484532, 5.75376179112, -1
0.107665876463, 3.22578198261, -1
9.87392440858, 6.41508095029, -1
0.280982697181, 4.32695235147, -1
2.81541429204, 7.7357836794, -1
3.39129595312, 1.35986189271, +1
1.44759540577, 0.415617298635, +1
2.76890431161, 7.66015256425, -1
9.32737164956, 6.55154561646, -1
7.24048281217, 7.60352848814, -1
3.37313130466, 4.47549923987, -1
7.56939797776, 4.33884440952, -1
5.71522426461, 0.720712729061, -1
8.8299561327, 3.46924422265, -1
2.24117550921, 4.31633689376, -1
9.63750166654, 5.46585383273, -1
2.25007243147, 2.2159694227, +1
9.08419467272, 4.24172771679, -1
0.313784587864, 9.51765777462, -1
4.33672760883, 2.19778859774, -1
7.28739072812, 0.141356868068, -1
5.79906437282, 2.35281050283, -1
3.93747157539, 6.78527347324, -1
8.94507267774, 6.86958422585, -1
0.0243585004708, 1.63211876651, -1
4.43554044379, 2.15864905241, -1
7.09233679229, 9.28285192988, -1
7.07873973959, 1.71915581648, -1
7.54114592963, 0.196749865493, -1
2.72620775143, 1.70036986218, +1
4.39683839044, 2.29067316161, -1
5.37176673367, 4.59178985633, -1
1.47237771205, 8.21633973637, -1
8.04048583888, 6.77001636323, -1
3.2423193467, 3.77918947649, -1
0.784120009921, 7.70663827985, -1
4.95335190733, 8.18174166533, -1
8.6751213647, 7.38504125925, -1
2.86220120445, 1.42577384994, +1
7.97582881164, 0.71481034547, -1
7.26408899371, 0.365153428625, -1
3.07905010591, 2.64159949012, +1
6.51625007979, 8.67744940658, -1
6.82587393244, 1.18081731987, -1
8.65632406, 5.25016886152, -1
9.07620637362, 6.53434582563, -1
4.09655747773, 7.61027760857, -1
2.50558841314, 2.79861345617, +1
6.40705961468, 0.0718303748284, -1
1.8013245316, 0.708916661557, +1
6.15339865305, 9.40582143838, -1
7.97689200579, 0.636507119426, -1
7.84767909036, 2.27156803297, -1
1.68472862104, 5.83898563989, -1
5.36425832019, 2.22328047757, -1
9.38078182385, 0.3850495751, -1
0.44865040101, 4.77437662277, -1
7.85903441517, 4.7607098109, -1
7.88530756763, 6.79299808945, -1
3.5775796351, 1.7565346711, +1
6.47638936428, 3.1144990231, -1
2.99062551552, 7.26754996734, -1
4.50636975625, 8.56897455251, -1
7.07528307789, 0.767326838767, -1
2.18732995826, 9.74497911245, -1
9.29967053871, 8.27883439022, -1
2.50179661579, 8.86076037716, -1
5.26891187391, 9.76871810812, -1
5.16289986794, 5.5879561192, -1
7.49587795026, 8.5967818096, -1
1.48404075193, 7.14345703705, -1
1.91429643408, 3.34089699891, +1
7.24765082501, 0.641122656024, -1
5.58594960268, 9.36143378954, -1
0.485173793651, 0.169322559507, -1
1.61820873113, 8.10363429849, -1
2.78456719929, 8.24791255263, -1
3.02492832655, 8.99407278619, -1
1.67487002315, 5.59412461427, -1
7.74330416477, 8.24564827484, -1
1.19079741601, 7.89992513751, -1
4.67264068726, 6.9182376411, -1
3.12803697497, 1.21392403633, +1
7.06264141023, 4.03301002002, -1
7.86338511926, 1.93099979331, -1
5.64765001604, 5.13459508782, -1
7.68672563452, 1.73723857605, -1
2.14052832382, 0.795891574359, +1
2.10932561626, 6.46154718754, -1
3.83679468089, 8.32674399095, -1
0.576811618153, 0.832249108479, +1
7.95385602132, 7.51102992644, -1
2.09127324038, 2.95518401225, +1
6.61014541085, 7.91511463536, -1
9.78703973766, 8.71674428722, -1
1.05615506067, 1.60990837282, +1
3.95634972971, 7.08645700614, -1
4.93924884786, 7.65855841569, -1
5.11490903974, 1.38327136469, -1
3.35238211639, 2.00874934956, +1
4.49420917798, 8.94584618357, -1
2.94981745769, 3.21854911481, +1
2.45294223633, 0.854203755604, +1
8.68479838102, 8.86911553148, -1
9.97480975449, 3.60873045685, -1
5.25503731538, 1.29883578892, -1
9.547811794, 6.41177846736, -1
9.21514568229, 2.00516890069, -1
0.281425799231, 8.45881141211, -1
5.50308582449, 2.77546258385, -1
1.55514988427, 3.16986210112, +1
2.09309519808, 5.07153476123, -1
1.20004725138, 7.01873111218, -1
0.354238738667, 0.685854237117, -1
2.84114780806, 6.42691240187, -1
5.97334434606, 4.61596501933, -1
1.54752457095, 3.33128099317, +1
3.84358516957, 0.475246325707, -1
8.7707505326, 0.486423055124, -1
5.04733499385, 4.55845978398, -1
9.10212909795, 8.24529777152, -1
4.36948393065, 9.12897578691, -1
7.57783284951, 8.32970831948, -1
9.0676760511, 3.03961456947, -1
3.13424231487, 2.95895425024, +1
6.85435427607, 7.34880561991, -1
3.06243902771, 3.73940767921, -1
2.04490026459, 2.54683601361, +1
5.86275863963, 1.28644332775, -1
4.11495686553, 0.508385146839, -1
6.60293530873, 8.14869106739, -1
1.39379747534, 0.940984194853, +1
6.51479171436, 8.80716916518, -1
7.4586604474, 3.84917592226, -1
2.79987796139, 3.2969098464, +1
0.559307835707, 2.00030065854, +1
4.77296794144, 0.19895611397, -1
7.77306809259, 6.95824314287, -1
7.2961851485, 9.07274327108, -1
0.490313783443, 8.97793074004, -1
7.83219412272, 2.50819875, -1
9.36296839614, 6.43766141252, -1
0.274835878363, 1.49238628255, +1
3.48713380331, 6.13807523686, -1
2.23289185465, 0.340317964514, +1
3.47871467814, 0.747955712233, +1
6.03625721065, 1.75482320391, -1
7.88037312093, 9.71912955632, -1
3.94735787164, 3.06631488076, -1
7.32733993381, 7.80426459395, -1
5.49587218658, 5.45550366992, -1
6.76610355103, 0.548425991674, -1
8.79914007272, 5.14991171098, -1
1.59549982408, 6.84116822056, -1
6.90903865944, 1.26234267127, -1
9.96425204185, 0.250638781321, -1
1.49417155418, 1.80484526223, +1
9.21839169519, 0.944108211887, -1
7.72919431001, 8.75614353355, -1
3.95069957767, 8.43516965361, -1
8.97642977883, 0.502734592725, -1
7.8834861734, 3.56437426721, -1
0.444062582656, 9.66782432317, -1
1.14534959081, 6.43344485224, -1
7.87016481262, 0.810273609307, -1
1.57823420071, 9.32951967694, -1
7.1420293172, 1.12718428128, -1
3.49201605738, 8.86114971105, -1
0.538239955183, 7.56700846428, -1
7.57903435877, 2.969791993, -1
6.68656151371, 0.394935575691, -1
8.67121290466, 6.26465546836, -1
6.48868233595, 8.14819869728, -1
2.23779226334, 2.44593297233, +1
9.71055636679, 6.69833364688, -1
6.18255124688, 4.17566133192, -1
6.24243446487, 3.99017128721, -1
8.55855962377, 3.64233600724, -1
8.21549565646, 6.75591630441, -1
2.08596931656, 1.78072488038, +1
4.26405244145, 9.2738843229, -1
2.63179134256, 8.19877533953, -1
5.32481324179, 9.42566749956, -1
6.11859610078, 7.70877379409, -1
5.16468279425, 1.86009555097, -1
9.46762155385, 2.96001358357, -1
5.99527556163, 4.48812842998, -1
1.60023222415, 7.16644819438, -1
0.340952651726, 7.9918215712, -1
5.80109383752, 8.13893053837, -1
7.07971080374, 4.4095883158, -1
0.00670777875944, 0.89041943884, -1
9.14648550931, 5.91561221864, -1
7.47909112816, 3.49414759096, -1
0.533525604941, 3.62986775814, -1
4.37174500114, 8.92245903924, -1
3.28898791884, 7.02193287735, -1
4.23065635991, 8.72617562135, -1
6.47647420527, 6.41127209944, -1
3.50676320985, 5.77070107886, -1
1.07446829311, 4.11495942273, -1
1.26724843382, 5.53897685961, -1
5.66906751721, 1.24927318445, -1
7.33152612044, 4.21112935408, -1
2.6546974563, 0.104282651742, -1
2.33856549981, 1.2382547531, +1
4.57966730651, 8.82229352211, -1
5.1947394579, 4.16593961356, -1
9.35020093256, 0.210628274256, -1
0.0926658602895, 1.59667086998, +1
8.96156895003, 2.25529311223, -1
6.19861872607, 8.45259145221, -1
3.51639811268, 3.90870140259, -1
0.11537425667, 0.571610565322, -1
9.09466436151, 3.13862252539, -1
7.04452449179, 7.1103606674, -1
0.80994214127, 1.48786497931, +1
9.84893561817, 9.95608232572, -1
8.61170339933, 3.76250065647, -1
2.15287073662, 5.22520887191, -1
5.10826554443, 2.70794661691, -1
1.38450486931, 5.06503186915, -1
8.57494661334, 0.483769049273, -1
0.121619657211, 3.70431192386, -1
3.29357594402, 1.76626672149, +1
1.55074132769, 5.30225210033, -1
6.15187248439, 0.58175698227, -1
8.9417932024, 8.6447103965, -1
5.92445028924, 3.59221753032, -1
7.67220103756, 9.47816250035, -1
9.19780266193, 9.4496446815, -1
3.59222376531, 4.53799453418, -1
1.61666379357, 3.4722605543, +1
0.678570486642, 8.34565512199, -1
5.77723794459, 9.19267744945, -1
7.64651600227, 8.15495905924, -1
5.65470534718, 9.47752266303, -1
5.68550252892, 4.63485413239, -1
6.85445000085, 1.47731253114, -1
5.29063831166, 8.94434307486, -1
2.34330281287, 9.12005298139, -1
2.64390073006, 1.30453438449, +1
9.25110538663, 2.28106002828, -1
0.079808723195, 2.50385038253, +1
4.47268626857, 3.22145448448, -1
3.38547213253, 2.79563444591, +1
9.46099911727, 2.66692400923, -1
2.2065694437, 5.39220530909, -1
0.0939142277432, 4.69508890429, -1
1.94201304433, 2.3061875279, +1
0.773563508422, 4.16587892799, -1
8.72923494698, 6.65601804886, -1
2.77782374313, 7.29706777912, -1
1.23460598511, 9.06336892584, -1
5.49791221925, 2.79268240513, -1
7.34376362286, 8.59461342897, -1
1.71274204884, 4.56101796508, -1
4.27239189944, 7.79259677658, -1
3.86640153592, 1.28011118955, -1
3.37883608003, 0.320762544913, -1
9.42720744512, 7.45181091056, -1
8.33478393784, 6.50842390734, -1
4.64336492655, 3.79720497756, -1
9.95095410733, 2.84137322221, -1
5.58302681571, 0.632965504686, -1
5.63612868757, 1.29029857462, -1
7.3912877122, 9.49368877597, -1
8.61576375875, 7.50415485916, -1
8.19428013795, 5.92288932327, -1
7.47581799738, 2.81865997627, -1
9.82810020242, 6.52712045763, -1
4.1592107708, 1.54357904659, -1
6.83385172409, 8.85032304129, -1
0.56753534132, 9.07327369541, -1
9.23428165976, 7.83696632942, -1
6.02886433415, 4.42590028469, -1
1.45576723832, 6.5120514805, -1
0.207425464084, 7.27727411748, -1
5.44221484602, 9.37765854996, -1
5.04685002663, 8.79909162168, -1
1.59166999023, 7.76391800458, -1
0.833814273669, 5.91841098338, -1
2.54829900752, 3.6066160981, +1
7.08298683035, 5.37664845754, -1
7.50202854618, 4.98863007422, -1
8.16421285426, 5.70394848034, -1
8.95653650343, 4.45544826816, -1
2.62411358049, 3.09240599754, +1
3.35396301141, 4.17585663569, -1
3.16535324307, 7.10325616891, -1
1.20956895691, 2.55155121401, +1
9.31295848756, 2.29789640216, -1
8.76559020701, 7.32324665361, -1
1.67819676636, 4.66491947303, -1
0.628813087827, 1.77388637366, +1
8.45134468282, 6.55495204435, -1
9.27852792436, 2.78669786012, -1
6.28286118496, 1.54132156396, -1
1.69618588802, 8.64424221599, -1
1.15377438733, 6.51438478547, -1
1.09606156043, 6.36508281448, -1
1.47922502827, 7.90113480495, -1
9.49791136346, 8.51077145469, -1
6.47392677405, 8.55421537469, -1
3.45728208091, 5.44247487009, -1
2.76541252767, 0.474721241648, +1
8.58057350295, 0.49512072983, -1
5.39619257123, 1.21155399939, -1
1.51668763747, 1.50459053109, +1
8.29708781828, 1.9737695525, -1
3.51347937111, 1.02121573981, +1
7.81009769627, 1.02886744471, -1
9.44045435835, 8.83879048949, -1
7.66315287677, 1.03518930556, -1
0.830107852711, 2.07776037822, +1
5.26020445208, 3.75998888417, -1
4.90094531209, 7.0862141738, -1
8.77863908774, 5.75920683558, -1
4.39157533604, 2.40109854416, -1
2.54510835415, 5.33566565562, -1
1.61521435541, 8.15812345984, -1
1.70331690361, 1.07067400042, +1
7.39183639826, 3.0587464848, -1
4.87384510034, 6.97317410443, -1
2.55349167789, 2.99493113481, +1
5.20024358061, 2.52043048436, -1
8.49211652265, 2.99140490434, -1
7.44059463604, 4.98381360927, -1
0.350375789192, 5.99171217519, -1
7.70543522124, 9.843192032, -1
8.15121838296, 6.89790610458, -1
7.64315505783, 7.79057797141, -1
6.71891900299, 5.7274575095, -1
5.22765849443, 1.88408718401, -1
2.60866006221, 2.84402370156, +1
5.57544091225, 0.788488001052, -1
5.1197405856, 7.90615617129, -1
5.61378949448, 8.45108018438, -1
1.18694839065, 8.49737729047, -1
4.22844508261, 9.87686650659, -1
9.66384461393, 8.53242808453, -1
6.42264981416, 9.29102016759, -1
7.30628153037, 6.27389647685, -1
8.58563862328, 9.53971938362, -1
5.95899414308, 7.67164633609, -1
9.65676013543, 3.33259424159, -1
5.30838678724, 7.97264694672, -1
5.26662862524, 3.97487434641, -1
2.63215930236, 4.28088027705, -1
2.94225162709, 0.151101060759, -1
5.18074581547, 9.24631211351, -1
7.84644120788, 8.20697354868, -1
6.70547345909, 2.85186592062, -1
7.57158745658, 4.79186862557, -1
1.95428427967, 6.73203467873, -1
2.92650678097, 3.65046609532, +1
3.83219737215, 8.11528783631, -1
2.75644078342, 0.662067681698, +1
7.60645771023, 3.64993036098, -1
1.40710655183, 7.3770018007, -1
8.02634651116, 6.47114281199, -1
0.695746459791, 7.88688880213, -1
5.03127192756, 6.5156691806, -1
4.10089604116, 5.26526815352, -1
2.7226292938, 0.603291404532, +1
5.72577834447, 4.78206917578, -1
6.60849715432, 3.94654379754, -1
7.32096675022, 9.56847057605, -1
8.44256983052, 4.79291606715, -1
9.86576076592, 1.08092672633, -1
4.47551031003, 9.09148762258, -1
2.38225652659, 7.57595443463, -1
3.27882184662, 8.24529236882, -1
5.54895695934, 1.99121708697, -1
4.02646887752, 2.82311679848, -1
8.46092482403, 8.80310468356, -1
6.46589282692, 4.69461602501, -1
3.11575301395, 0.157598782841, -1
4.00856765997, 1.03190499505, -1
4.17709293209, 5.08230195634, -1
0.353411175108, 2.39347001859, +1
2.70278886195, 4.68768909016, -1
0.859959942596, 8.23827496046, -1
4.70150509714, 5.97432037998, -1
0.108613547452, 8.34390887332, -1
1.23431130225, 9.7584540113, -1
0.376279456747, 5.96423452399, -1
5.72796985142, 2.98517939298, -1
1.86749718138, 6.98818269487, -1
7.70807641785, 9.74837109689, -1
6.92610834281, 2.46116768019, -1
7.98942061877, 1.44312464554, -1
5.10673335349, 1.89747593746, -1
2.5951863424, 7.85246883122, -1
1.47720005092, 7.83383680042, -1
7.77092956789, 5.47953274572, -1
3.10790490459, 1.58990738722, +1
3.87831700307, 6.93692429913, -1
8.92507942846, 9.27310541413, -1
7.89593886849, 2.18812517492, -1
1.32579415279, 9.2478338591, -1
7.29757369381, 0.919023554972, -1
1.60697991113, 3.44874172466, +1
9.68293873242, 0.508370781036, -1
2.0305382293, 3.92465666091, +1
5.74964780903, 9.28702162684, -1
3.9769209234, 2.85911128626, -1
0.0861651565275, 0.00965432668344, -1
7.14975389357, 3.49382526994, -1
8.51928302893, 0.330486016845, -1
1.31655287648, 2.19741072899, +1
2.98183814456, 9.49043018008, -1
8.03395147438, 3.00054977639, -1
7.33939908548, 3.36626767847, -1
8.51982410475, 3.75316467115, -1
1.55924672115, 7.92815023744, -1
7.85766391405, 8.34758475754, -1
1.14965257505, 3.67840103813, +1
8.78922330461, 1.96224884536, -1
2.11654259013, 1.96062058619, +1
4.90993919859, 5.14237802034, -1
1.2118120753, 4.92530779034, -1
8.02728490039, 4.2572659637, -1
6.07730152881, 6.42111509468, -1
8.2304647009, 4.70573649324, -1
8.75224567069, 6.6736923652, -1
1.08694294421, 4.80801531062, -1
1.05200735169, 0.0941669489059, -1
1.13040385818, 9.21123163767, -1
0.0453221602716, 4.53154653723, -1
4.24338170647, 4.39115977162, -1
4.81807071701, 2.20049029658, -1
3.25248446597, 8.77708978099, -1
5.63592175585, 4.91163693229, -1
8.80717154974, 3.22800019314, -1
8.92783825244, 1.09965936393, -1
4.3674601247, 5.95859449124, -1
0.0827283208536, 2.0570457965, +1
0.726261985493, 9.75944824479, -1
4.37686614899, 6.8013427941, -1
5.8734532463, 7.74706002125, -1
6.32235076438, 2.03571927692, -1
4.32180584106, 4.35753038704, -1
5.93050599519, 3.15850506695, -1
7.31295792951, 1.24224562289, -1
8.75376012274, 2.66738503588, -1
2.31177295695, 1.27101176911, +1
2.23946264785, 1.16192929704, +1
5.35537363593, 2.22757362289, -1
7.77454047527, 0.0253498617635, -1
2.92961507168, 8.20950024493, -1
0.955020580278, 1.29567871187, +1
4.33817744668, 3.85129240801, -1
0.353636323111, 1.87161623707, +1
4.07777631861, 8.14842394892, -1
9.1879361461, 9.76303482453, -1
1.91449347204, 9.86812146192, -1
2.79519925134, 4.23969299802, -1
4.49828980515, 0.807464436073, -1
9.60798779674, 9.08317168844, -1
6.19154087822, 0.0388285719028, -1
1.72869952858, 3.02460526204, +1
4.46531755032, 8.6154982065, -1
0.49791773649, 8.42449561597, -1
3.81382013051, 5.36162558083, -1
5.82822326133, 1.09334751022, -1
8.10388436417, 4.74234236608, -1
8.59912436252, 6.57251227285, -1
3.87793736402, 9.74907579474, -1
3.50450558693, 6.68674618754, -1
5.7315808887, 5.94185279971, -1
9.76474974291, 5.93083798303, -1
1.97549236815, 6.62966664004, -1
3.64485494995, 4.17126468905, -1
1.99801080474, 0.826747042867, +1
5.40074916489, 2.28849554349, -1
2.49115129095, 2.26420807283, +1
9.70018576298, 4.09576842141, -1
1.52073424815, 6.14707484774, -1
7.04392837885, 5.11693798804, -1
8.13655965932, 2.24712919229, -1
7.44560479618, 4.40125201349, -1
3.0299011676, 3.4712867924, +1
2.23326456233, 4.23902842612, -1
1.24865744538, 5.4561971094, -1
6.1808626282, 9.007331515, -1
2.07030802394, 1.56545678835, +1
2.49377078737, 9.25528554849, -1
6.75214675716, 3.96281705338, -1
6.37218156934, 3.46802024088, -1
3.96500446986, 4.92675048956, -1
0.753258731257, 6.06281376477, -1
5.73165816617, 1.28105244254, -1
4.08285689929, 1.09572364039, -1
3.49915330571, 9.25775374995, -1
7.18586754123, 3.2318174722, -1
6.69252138757, 3.60065738491, -1
4.65369396717, 0.777787004473, -1
6.49911622694, 4.11259044413, -1
3.71985828345, 4.8007696644, -1
0.170849706468, 9.18510164734, -1
1.02708841349, 9.99167984091, -1
6.79057445594, 8.89589528444, -1
4.28452121202, 7.81386937401, -1
3.18742080516, 0.392101741747, +1
0.474045141774, 1.04640102121, +1
4.45293496615, 9.46421770299, -1
9.78481426864, 2.73143205702, -1
8.03055787955, 5.16772941765, -1
3.81571738673, 1.52584708723, +1
0.239759337157, 5.5314580334, -1
4.41280448323, 4.09632340348, -1
4.11776975634, 7.78622066187, -1
7.58927129892, 0.72892948282, -1
5.82823286049, 2.21268845821, -1
