4.78236508417, 5.91542960054, +1
7.53760843718, 4.40953309989, -1
1.07463196853, 7.14779139726, +1
9.35152577523, 5.02139580043, -1
1.81479624981, 0.715837841148, -1
9.30228488915, 2.28463400429, -1
9.50567257918, 3.45338723521, -1
9.08385152667, 9.10658320922, +1
2.39740144762, 3.10864725911, +1
3.71056892665, 4.93979761621, +1
0.569783911909, 6.21093717567, +1
0.0180610453244, 4.52658767021, +1
0.541554606571, 2.4748187653, +1
8.75682013392, 7.67648280474, -1
9.82475507703, 4.90081729005, -1
6.36226524114, 4.20808298228, -1
8.56357099308, 8.11034937831, -1
4.67637288561, 3.42304226217, -1
8.67233035157, 1.89958303689, -1
3.22891722562, 6.9968818046, +1
3.38813812307, 6.75530378226, +1
0.109514017218, 3.0285438174, +1
4.54506163256, 1.72794739508, -1
4.12186205543, 5.90161393141, +1
5.12635824619, 1.06429085889, -1
1.09456628246, 7.12081849427, +1
8.4963534482, 4.9389731512, -1
0.591558445936, 4.85366838943, +1
7.45569163641, 1.88929480925, -1
5.74169449503, 2.93459016979, -1
5.14120480316, 1.26220013009, -1
2.48165436137, 3.35470893754, +1
2.95146237281, 3.51234596932, +1
9.00157987386, 3.67326732734, -1
8.37721314005, 3.48578796748, -1
7.35498576929, 0.243067919069, -1
8.00771246111, 2.75102284979, -1
5.89617358685, 9.99404747656, +1
8.08068510159, 3.80627792004, -1
7.7551481762, 6.82463955187, -1
4.5890284123, 5.67451958738, +1
1.51038171959, 7.71030786796, +1
7.69733837828, 1.20591093473, -1
6.9625613443, 9.82036359035, +1
2.87922993321, 1.61431227475, -1
1.5317961533, 6.5629723315, +1
5.47911802948, 7.54432134651, +1
7.22608543542, 5.54105636571, -1
6.43288442108, 4.55985908558, -1
1.04264487141, 3.62821253644, +1
2.6340572946, 4.81167418386, +1
5.72694881862, 4.22075943556, -1
0.639985346054, 2.78220042003, +1
6.27059170712, 3.44673784312, -1
0.456824981892, 9.28629332707, +1
3.98847137861, 8.10419283787, +1
4.18424100448, 9.11716053698, +1
5.86008469721, 2.63322099102, -1
0.138827865685, 3.98885784047, +1
1.32884455708, 7.97233357068, +1
6.3439591048, 8.86154902981, +1
4.96027413242, 6.82450488987, +1
7.41331551171, 4.18279163169, -1
9.7786001677, 6.00105332186, -1
3.06781080379, 3.08704658327, +1
1.26196728694, 7.7096691762, +1
9.5819695537, 5.40799268945, -1
4.74452016435, 2.47218094912, -1
6.35753837795, 8.6655824319, +1
3.08808604895, 4.60762146921, +1
3.39780387484, 1.26705216347, -1
9.97597839416, 4.9883379326, -1
4.37795234678, 9.82079318576, +1
1.80747636609, 2.2972145749, +1
3.02611576033, 0.210734110676, -1
3.98578389007, 0.710995062706, -1
0.852053580848, 6.01929660026, +1
9.51060903126, 3.37970996629, -1
3.17895145303, 5.41406449764, +1
5.9737861632, 0.836993088948, -1
2.87164007906, 0.58378091867, -1
0.69559933897, 0.822317740392, +1
9.09722957078, 2.77221397417, -1
3.18537027196, 9.05549522962, +1
3.23047409625, 5.06874908757, +1
9.80775803991, 2.45616170175, -1
5.45616219819, 1.32790266464, -1
9.25604988318, 8.33094400487, -1
4.46043021671, 3.72251235109, -1
9.01021583412, 2.33092462685, -1
0.72232178795, 8.17150407167, +1
2.41579445003, 6.82081034677, +1
1.99194503691, 3.51345563916, +1
0.89476725182, 4.90725626457, +1
5.30385187236, 7.62885418678, +1
5.57001426047, 6.37385851733, +1
4.17521093533, 2.86831115948, -1
6.14283731161, 3.39856724275, -1
1.11938643225, 6.19037801965, +1
7.32359659426, 4.65328683394, -1
2.90294830268, 8.63631001032, +1
1.87233462521, 9.94877641932, +1
9.85402129896, 1.68141621783, -1
1.05328425556, 9.94698842867, +1
3.53702741346, 9.5227847754, +1
6.17901526921, 0.870548894108, -1
3.46255557289, 5.94382248569, +1
0.934341983944, 2.25710380193, +1
2.72932995803, 3.15076745219, +1
8.01040367024, 5.33416840852, -1
2.26977548465, 0.405170252226, -1
8.13764637639, 2.85891461811, -1
6.97261310857, 0.591522446703, -1
4.51197028283, 7.9736707187, +1
4.07341362119, 7.07996187371, +1
7.44477432247, 3.72147011283, -1
9.22915276706, 1.33599157485, -1
3.7749007741, 8.82032850882, +1
1.79138341431, 4.33114176698, +1
4.94406893364, 0.0436058694045, -1
9.2302774456, 2.48541987377, -1
3.67786244398, 2.32935612196, -1
7.49821750619, 7.9725539043, +1
8.48877867204, 1.52134001643, -1
6.69332733804, 9.76716066012, +1
4.79640360864, 3.48429347564, -1
7.15601948989, 2.64553955551, -1
9.52477136395, 0.21474819384, -1
4.09979842988, 7.48521640007, +1
8.31972523653, 9.4252109772, +1
5.43152889807, 9.60022884042, +1
1.30083242021, 1.73720385619, +1
8.51322821877, 3.48990247326, -1
2.31560710048, 8.79293978349, +1
2.492832898, 3.19963957547, +1
7.03088295386, 9.88498963179, +1
9.10008424877, 4.54592847422, -1
6.15466230825, 8.41871036919, +1
6.21887592379, 3.07070736123, -1
4.05413015161, 1.03097747186, -1
4.89786110945, 6.91197950708, +1
4.46420770885, 3.26455028487, -1
3.93729287981, 1.36015607282, -1
3.97697363371, 9.86036583083, +1
7.78092261366, 7.80093697838, +1
0.183932896131, 6.39967671902, +1
4.61030823147, 2.99410616043, -1
2.20194196869, 1.79657994277, -1
7.55311769447, 8.73439239871, +1
0.637137030686, 0.157542072407, -1
1.159024197, 2.47226793665, +1
2.93085874359, 4.05007994922, +1
3.42430226814, 8.06598848127, +1
2.47369965435, 8.65552087526, +1
3.76008973563, 9.81121148638, +1
8.67560725497, 6.04648754081, -1
5.99158079318, 1.20725800375, -1
2.09333075271, 8.98526254945, +1
9.80166957891, 1.42517368127, -1
3.73570340812, 4.07727699091, +1
8.31471201003, 1.1040251943, -1
6.78461085791, 3.60939503628, -1
2.17399496398, 8.92001450256, +1
8.50510051869, 7.04282383143, -1
0.98373765022, 6.12395410597, +1
4.24942495325, 3.69529777904, -1
0.73532483458, 1.25189713491, +1
3.73720100875, 1.71388114165, -1
0.505120463491, 3.72565957511, +1
2.53813543416, 4.11353923317, +1
2.87424550618, 5.56494763077, +1
0.723282084996, 0.585373689513, -1
3.42089463902, 5.70077013162, +1
8.66397210176, 2.62145434546, -1
4.08874644386, 4.55260893511, +1
3.59221115378, 6.94864823072, +1
6.36373496688, 5.37732259556, -1
6.72874277488, 2.11023862747, -1
9.2993998877, 1.4236194386, -1
6.78520505878, 8.76491546648, +1
8.46428421422, 6.70851552692, -1
1.256984082, 2.12951212557, +1
5.93548490475, 3.17740686116, -1
4.84356961752, 5.75910412838, +1
6.42193840225, 4.46781637611, -1
0.635243511514, 3.20454289881, +1
6.2630275192, 5.90075041524, -1
7.06295046797, 4.09605247885, -1
1.19079592834, 6.03742451252, +1
1.83924300712, 2.40471860319, +1
2.84684697098, 9.3221969865, +1
7.42506860122, 5.6761776596, -1
6.52223417565, 8.99179104948, +1
1.76407594251, 2.07145438332, +1
9.69303101578, 5.77488316273, -1
2.10343137088, 6.6873343053, +1
2.25302313874, 2.9297491507, +1
2.7916275273, 8.88686405829, +1
5.22948732848, 8.22275545376, +1
0.349327210897, 0.979381614882, +1
3.96665632118, 5.95069120795, +1
2.11452847268, 4.5181063323, +1
7.43734829818, 5.92776078143, -1
2.82291942349, 3.45268313366, +1
0.317543617468, 5.03955472672, +1
6.50395771132, 4.32056899529, -1
3.74165925061, 1.34687346351, -1
3.96073922918, 8.21363316206, +1
6.9394558547, 6.24680520373, -1
4.88602126873, 4.60016504959, -1
1.00700749099, 2.41384747137, +1
5.00472001442, 8.63730758506, +1
4.8923449369, 0.0392930375474, -1
4.46105541808, 8.69099944001, +1
9.23463296977, 1.69532283432, -1
8.80222305849, 5.7377588225, -1
8.83441512535, 3.23873614089, -1
4.51741139563, 6.97186822507, +1
8.19526318641, 5.296698445, -1
9.17141431828, 1.20035856702, -1
0.865782590154, 2.48002698254, +1
6.18793026698, 2.99141244491, -1
7.91267457727, 7.76779029387, -1
9.83046538644, 9.79722986584, -1
6.81282668646, 8.67755283925, +1
7.36594943687, 0.013115757364, -1
8.30321918547, 1.38775014743, -1
1.64222339141, 2.93051093811, +1
0.863447658202, 7.12596220935, +1
5.14302650829, 9.09582062426, +1
3.04842483049, 7.71636404443, +1
9.65995634822, 6.35934992837, -1
0.217027227657, 8.44498147163, +1
1.69185217833, 5.68896582134, +1
3.03044314861, 0.133842079847, -1
3.27477009069, 8.70990392354, +1
5.35605735022, 9.35406812693, +1
6.23892440112, 3.52548790607, -1
1.47465183983, 4.66209832883, +1
0.748508040812, 0.974585305234, +1
1.37771843171, 4.39158285127, +1
8.30437462756, 7.54023454091, -1
7.76204708801, 0.57456058996, -1
4.88235017498, 5.75053544576, +1
9.38701214468, 3.5182873469, -1
1.8386612012, 4.05634307973, +1
5.31842213473, 6.60395791494, +1
6.6014911147, 8.86467477702, +1
0.472177924347, 4.45649507219, +1
8.68947040919, 3.40609990179, -1
9.59512388208, 4.97463871049, -1
2.75406702517, 2.22972967163, -1
1.34393533132, 3.05953760134, +1
7.93593322575, 9.83531120666, +1
7.52067039199, 2.53882110889, -1
8.43968015588, 9.46927971252, +1
9.34516705113, 0.907044327592, -1
9.85858304853, 6.32601892807, -1
2.08261167928, 6.02963748115, +1
8.69218360119, 2.59313393524, -1
5.13420990996, 4.90894456778, -1
6.55829444346, 1.8263010077, -1
0.0944913493664, 2.61802853454, +1
5.89491636901, 9.02033179352, +1
4.33540422085, 2.97765449013, -1
4.36716632794, 9.76089142151, +1
1.3434528413, 5.75743358266, +1
3.56619345692, 3.44480069073, -1
5.84675705054, 3.95225678546, -1
0.226683367826, 6.17376948013, +1
5.34208198836, 6.9990531698, +1
9.95774446437, 7.85790904737, -1
0.0961546629471, 2.50130917559, +1
2.42253640196, 9.68552180234, +1
7.2204105749, 2.52066083861, -1
2.22762557842, 5.42972219182, +1
9.57814155109, 9.56434922423, -1
0.902812966722, 7.29539521357, +1
3.96606008188, 3.69607232359, -1
3.46162010654, 3.14554466928, -1
8.36554362497, 1.78679593686, -1
3.74686814014, 7.22460380939, +1
7.18081286295, 8.02641240469, +1
8.70516250593, 3.6730510423, -1
8.91224784452, 1.57287651201, -1
9.74765486521, 3.9985053853, -1
9.24828104673, 8.54261396296, -1
8.57635527757, 6.93986656036, -1
2.82494193521, 2.92370423973, +1
3.27979231881, 4.92509931339, +1
3.44144069327, 6.45559963625, +1
0.00936644372344, 1.03304811699, +1
7.69454671105, 8.65352997772, +1
5.13865032549, 2.20803798127, -1
7.79122614797, 7.5155653852, -1
9.44665535559, 9.90791721097, +1
7.32063070832, 0.0212221330743, -1
1.00480928651, 0.999891131445, -1
3.76265548913, 0.482457543108, -1
5.65391193541, 7.06178039932, +1
5.34346149045, 2.19151304256, -1
7.8276813662, 8.48496948913, +1
5.12062545143, 7.63095166408, +1
0.0690633943853, 8.3586849585, +1
5.30428902781, 6.50814125589, +1
2.26781581498, 1.4340679142, -1
7.35783035501, 6.34454440257, -1
9.25981156103, 1.45455106968, -1
5.33026744704, 5.57222323447, +1
8.0505222148, 8.36268173334, +1
9.51355183425, 6.57567499769, -1
5.19009972131, 2.59273614539, -1
9.65418557555, 0.970748776618, -1
5.86944381147, 9.01721725914, +1
9.99763346508, 7.28128051972, -1
7.69007280331, 4.34337187975, -1
6.93091658892, 6.64348457013, -1
7.408119514, 5.82385493221, -1
8.83888232781, 6.95094264988, -1
1.07016213325, 4.41727761924, +1
4.70606651425, 7.1413145777, +1
5.4962285633, 0.72842502877, -1
5.1128264458, 1.28579348703, -1
9.70385801027, 1.95843990595, -1
3.63366028838, 5.87767789381, +1
3.17691930463, 1.7067476288, -1
2.80575823054, 7.46742611984, +1
5.76704489454, 4.71299389512, -1
9.13272768, 1.29361448699, -1
9.05466071272, 4.47476119252, -1
7.46901991622, 4.64472091749, -1
9.14739631443, 9.41132223294, +1
9.28464802255, 9.87285357577, +1
2.23933309239, 0.662063477942, -1
0.718012025127, 2.86182864907, +1
3.79763774989, 5.83030230786, +1
1.29872458778, 9.41031826721, +1
3.87192404215, 2.78513301639, -1
5.24658163499, 4.10710926694, -1
3.25758945915, 3.9723406014, +1
3.4845253196, 7.27157815099, +1
0.997849100813, 9.12362970991, +1
6.45011674417, 2.27397185052, -1
7.88176728911, 5.35785141499, -1
3.51380208532, 6.65106164879, +1
7.10850830463, 6.16441187741, -1
7.12165291171, 1.95786159606, -1
8.32159434963, 2.38768039177, -1
2.82791715616, 1.20434260287, -1
1.54493969422, 9.06285941558, +1
6.88860774347, 3.60172429526, -1
0.432115910422, 4.74376905333, +1
3.27479447626, 6.5357252297, +1
5.50880866178, 6.43706295567, +1
6.21401447841, 6.60311849392, +1
9.3340917678, 0.700573280929, -1
2.026629084, 8.66097131106, +1
7.43798362697, 9.49456585855, +1
1.33905923434, 4.56383468039, +1
0.282924791449, 3.94620016846, +1
4.28349624234, 5.37782215731, +1
5.84061594544, 8.6957902333, +1
1.74616591786, 0.912963651964, -1
1.23371842117, 1.33928646846, +1
8.60072410162, 6.22332855593, -1
5.83690373087, 2.49506471963, -1
5.84550916905, 5.42155780207, -1
5.84046411855, 7.55030742055, +1
8.7015331127, 8.66956538828, -1
8.04592775865, 8.44438995427, +1
3.17036426973, 7.56954962204, +1
0.144502301652, 0.087261711965, -1
5.54028108865, 0.949520217379, -1
8.40214851268, 3.21715229084, -1
0.819372539166, 5.13539969996, +1
0.297224203176, 6.90601067992, +1
2.33834480358, 0.949200566441, -1
3.60063185651, 3.75658436118, +1
3.23942420547, 6.34962772942, +1
7.08773086549, 2.92960812936, -1
0.0688318108353, 8.56372874836, +1
2.34026669121, 7.42758341217, +1
9.30837069643, 1.79757077274, -1
4.60810272594, 7.40883989811, +1
5.94040857957, 0.27228399139, -1
8.40850702336, 4.97571779887, -1
6.29468678325, 0.520891694817, -1
0.901963996355, 8.59277895788, +1
6.37348496499, 5.3645891805, -1
7.71608963417, 8.19214774589, +1
9.50122952334, 3.97152220425, -1
1.2872359195, 5.32305276271, +1
4.67280710119, 1.81362520519, -1
2.21620904739, 6.76891378485, +1
6.77793635445, 4.44488966972, -1
6.37599721078, 1.02114770615, -1
0.414848481739, 8.59732578458, +1
2.29982195775, 4.50209471641, +1
9.66828077717, 2.18729162493, -1
4.7249785279, 5.52129590573, +1
6.10915275686, 2.9362300852, -1
7.46544112581, 0.476123653996, -1
3.11944813137, 5.00769086649, +1
0.428572554895, 1.25886483046, +1
9.40792168407, 9.39363691393, -1
3.91785842349, 8.11676104209, +1
9.69145334009, 8.66970599488, -1
0.981557277838, 0.00108763912544, -1
7.17491400914, 1.49704085663, -1
6.39395777025, 1.10748108969, -1
4.97448249522, 0.659991464913, -1
7.94912245948, 2.23129489567, -1
9.13519794625, 7.35346930284, -1
4.04067656868, 2.72724995593, -1
3.37407669306, 3.2053301695, -1
6.59693768399, 5.91120430903, -1
9.94676699336, 2.88993867855, -1
9.92464584408, 1.1655297123, -1
1.51095933195, 7.2243042868, +1
3.32752935265, 3.1286251942, -1
0.86622305966, 7.8625067742, +1
2.16693631598, 0.620713608481, -1
3.66014101292, 8.22113818707, +1
6.44298584833, 0.578720208187, -1
0.805151017347, 5.53967320158, +1
8.63538271741, 9.03509970118, +1
2.4656895768, 3.42575781468, +1
7.53169280225, 3.26546542531, -1
5.14110295685, 4.00338115193, -1
3.38539352302, 9.33865740555, +1
4.69462330452, 7.19944616615, +1
2.16635074133, 5.58392051472, +1
5.99777767325, 7.42943284928, +1
4.73510124342, 9.20532227684, +1
5.87450781658, 5.94274713327, +1
3.2193724163, 2.33602099116, -1
9.26462279241, 9.65489612923, +1
1.96279572774, 8.15981078454, +1
5.52274572124, 7.43992862655, +1
8.96302464041, 0.937694840574, -1
6.74138780952, 1.60877579972, -1
1.93886119557, 7.5534372759, +1
6.06453331005, 1.45026511476, -1
0.572274521629, 1.5432830573, +1
8.27817380764, 5.29687325857, -1
1.95091048308, 5.28975606187, +1
1.77081715235, 9.21016604113, +1
1.83499492072, 0.356908908714, -1
5.41096610996, 9.14396741826, +1
8.06065941534, 0.460370383058, -1
2.93211086787, 0.0728531232848, -1
5.38208084545, 7.2668873399, +1
1.38937005468, 9.74826360201, +1
4.41648882908, 4.84111120039, +1
6.7067224251, 3.07775810257, -1
0.620060231216, 0.338698300533, -1
5.88308112145, 7.66858501926, +1
6.56904000981, 1.24138208099, -1
1.44207818342, 9.30487945641, +1
6.20303172924, 9.40853248299, +1
1.54441519258, 1.98810682983, +1
1.97274694831, 5.85199365137, +1
2.59309117278, 3.06789915597, +1
4.43261500269, 3.02526261185, -1
4.95997567824, 8.91975431625, +1
6.04698590664, 2.16578348466, -1
8.79318664562, 7.44629714904, -1
9.91574304122, 7.65323593697, -1
8.28174758133, 0.564727358462, -1
6.54704441503, 3.6072853637, -1
9.01505576505, 4.41679981786, -1
5.56651566118, 5.51214671825, -1
6.25012263084, 6.09102351918, -1
3.2004627781, 8.76358243316, +1
4.13105282403, 0.936827257699, -1
7.23635182429, 5.43578673387, -1
6.10124619062, 3.23544315826, -1
1.04727357526, 7.09835151884, +1
9.24144338988, 4.30297976676, -1
9.33031902405, 6.27675808818, -1
5.10748583005, 9.37312367615, +1
5.51477088392, 6.42106206533, +1
7.53350716299, 8.2698762981, +1
5.03143267325, 9.2035736899, +1
1.07736903742, 5.53185056957, +1
0.414944826549, 4.2128739055, +1
5.68747356854, 2.23483968555, -1
4.56733092933, 9.02244201717, +1
8.7214258305, 1.8373521635, -1
4.56242381328, 5.74014031167, +1
0.517799868355, 1.53168821199, +1
0.067264491762, 6.49514422886, +1
4.96895058565, 2.9079024808, -1
2.5105092967, 5.20916645449, +1
1.6165178716, 1.60370435857, -1
8.99320515709, 1.38174055313, -1
2.25460671763, 7.32554668589, +1
2.5896647389, 2.10994877288, -1
0.541716427649, 4.76900860266, +1
5.72873989619, 4.15429168719, -1
6.65625194589, 5.0804191752, -1
2.47640827648, 0.23406575207, -1
5.32420354266, 8.69865906635, +1
3.17110345177, 4.03836138519, +1
7.68810900624, 4.92947106831, -1
6.12341112139, 6.23305391044, +1
9.84610644944, 5.03719750524, -1
8.67045585248, 0.665110019929, -1
2.43512633839, 4.89327465675, +1
6.88718481529, 7.8139789491, +1
7.39055772759, 8.50181727437, +1
7.50408377807, 8.38126631467, +1
5.07610103164, 7.00526639776, +1
5.21109539589, 7.77984992852, +1
0.975170244895, 2.69876535366, +1
4.91877519988, 0.878999321125, -1
3.90585563639, 1.49166010696, -1
1.87522179401, 9.29661536369, +1
3.35079821699, 7.9002498126, +1
7.54488918791, 4.34974515519, -1
9.36862928048, 9.44327711495, +1
4.84264375125, 5.49935568634, +1
5.28800158542, 6.67850044786, +1
2.92206361588, 1.90611525897, -1
3.72939607639, 2.72087044566, -1
9.29451041289, 6.6756283595, -1
2.98615831601, 7.6908579632, +1
6.16728246493, 2.7647644915, -1
9.93001024769, 5.66839018087, -1
2.46268944777, 6.80236741561, +1
9.63246881052, 8.82255582168, -1
2.82051789795, 8.60706075045, +1
1.7014256059, 2.59495117578, +1
0.28065984706, 6.51454934766, +1
5.92428965995, 8.52216735192, +1
0.0960934836947, 2.96779711284, +1
5.65923080752, 9.67576213516, +1
9.63313493848, 1.49440016352, -1
1.73489025693, 3.55685370149, +1
1.27086427066, 1.59244237463, +1
9.84220302751, 5.38472305085, -1
5.09638049666, 8.514527036, +1
4.52187387143, 7.40589984858, +1
6.44264132744, 7.01711663778, +1
4.82656121932, 5.47527730859, +1
6.39456047436, 4.36759449849, -1
5.50749424751, 5.39805661217, -1
8.92345187951, 3.00444046851, -1
1.99612654289, 6.43818319553, +1
0.208523156158, 5.00169431463, +1
0.685259085411, 1.2171026951, +1
1.48244130658, 7.33183030555, +1
5.54240535835, 9.50613611121, +1
0.788375278161, 4.0312823297, +1
5.93125657407, 2.70712564283, -1
6.98398711548, 4.46284735736, -1
9.28002333224, 6.32280297886, -1
8.78086719157, 1.28569863025, -1
0.707424924612, 8.17866358793, +1
9.88626360927, 9.08473902319, -1
9.13783231073, 5.13009955359, -1
9.88741245709, 9.31314119931, -1
6.53970378807, 5.94474361047, -1
4.49043156612, 3.37145755967, -1
9.63314015248, 0.580390929021, -1
8.8895599083, 5.18948037536, -1
5.91228273486, 5.52620294798, -1
9.07139686129, 0.321478583252, -1
6.23218696488, 6.83589562348, +1
4.52634803589, 5.99365075334, +1
6.49547860775, 8.0009183724, +1
0.338709572692, 2.32307510283, +1
1.37289952119, 8.29740737831, +1
5.43294413111, 7.33429759953, +1
7.99038017986, 1.95157737513, -1
9.11910377052, 4.97415949476, -1
9.17868636411, 6.79513679606, -1
9.39714084034, 7.04801673148, -1
2.0698778989, 6.76145634684, +1
6.81523242113, 5.15645082682, -1
6.11768840064, 0.00972692535748, -1
1.82363851055, 8.33764558088, +1
5.5148576108, 9.59442805661, +1
4.71619768304, 2.1281947058, -1
7.1373356669, 0.818361973624, -1
2.94842202558, 3.13978671456, +1
8.41441126838, 9.92802072662, +1
5.63852717788, 5.52304849913, -1
8.74128157853, 9.8527679054, +1
8.96776252312, 0.955849662691, -1
0.467441378371, 3.09444913798, +1
8.04625656864, 3.09632069544, -1
2.11895321924, 6.39378648262, +1
4.48122741761, 2.46271426705, -1
9.65764636934, 6.0307066237, -1
2.10902747129, 1.57432001213, -1
2.47863187987, 7.08032299733, +1
8.92804987243, 1.22266424809, -1
1.64615360628, 7.76162320635, +1
3.42718266551, 7.84322210088, +1
6.21044767594, 7.96101365915, +1
5.70676990383, 3.2155505894, -1
2.59400510924, 3.38166003481, +1
1.85982775356, 5.18351482123, +1
8.33735805796, 1.78937854084, -1
5.15088198794, 8.30114684177, +1
6.87717908279, 5.54927433276, -1
6.04904808998, 4.27752210434, -1
5.57773150271, 5.5923145876, +1
8.92219886068, 3.01765786343, -1
7.56185496787, 0.765887699205, -1
0.871472906778, 4.21746605859, +1
1.18676785926, 2.91643693061, +1
2.03870265599, 3.80724351491, +1
6.79806456218, 6.14319114822, -1
7.62921069205, 8.67873917332, +1
0.332420757401, 3.11864829396, +1
3.75321089956, 0.349554992589, -1
0.386932428783, 7.38435805801, +1
1.94599181403, 7.74811325762, +1
5.22787886409, 1.5472526179, -1
3.44419117513, 7.86224198015, +1
4.83809044723, 8.72087604362, +1
7.40578664395, 8.05859286446, +1
8.46601410897, 3.8394590588, -1
8.78129278404, 1.51241874041, -1
5.54684629647, 7.4253654756, +1
2.33206800509, 4.11331299526, +1
9.31136814085, 3.76756020268, -1
6.42005733502, 6.84607085446, +1
0.155798014151, 0.440626930181, +1
1.33696677207, 9.00924626616, +1
6.46163857111, 5.54624812274, -1
4.42279850865, 8.71651771757, +1
9.47260665394, 3.71291709218, -1
9.73818382014, 1.30802518793, -1
1.77415400098, 4.94094519685, +1
2.74611459083, 4.15603429491, +1
1.26825486906, 7.95752769168, +1
7.72017129753, 0.672092195861, -1
4.2838663786, 3.20816275195, -1
9.98880038614, 3.79194235856, -1
5.84725949631, 6.94942090646, +1
2.25527227607, 6.2668261192, +1
6.65512248659, 6.56353038843, -1
6.91420088203, 0.208691083077, -1
1.70472287548, 3.32053984213, +1
1.21256377982, 7.92220850117, +1
1.7543844238, 0.230082157395, -1
7.2491397915, 0.101790869396, -1
8.94745556938, 6.56931380491, -1
1.60506554021, 5.20876242093, +1
9.66552544441, 4.97885040824, -1
6.15419449642, 4.02824558354, -1
2.23550063216, 4.45380449497, +1
7.77369619254, 5.30646059837, -1
4.26989536082, 9.08442685275, +1
1.22685026497, 9.18146789677, +1
2.37354347808, 9.82644285495, +1
3.06616071061, 1.14559583201, -1
9.34483868643, 2.50451641774, -1
2.55835754075, 6.49661331816, +1
1.9482730083, 1.36459402306, -1
9.60424387574, 7.94841888969, -1
0.374926563467, 6.34186349373, +1
5.11703373156, 8.69611326956, +1
7.45240639595, 3.66632253935, -1
5.88365705007, 3.54878347799, -1
9.69930026145, 9.86351027457, +1
2.60176056072, 5.20703930104, +1
9.98068708354, 0.572873477504, -1
8.9833688496, 6.87023649784, -1
1.09182387987, 2.84799958414, +1
2.29730559004, 0.534729010999, -1
8.23400833159, 4.65052117566, -1
8.72980994658, 1.89359432323, -1
9.35364163602, 3.09687870657, -1
1.43839240362, 9.30836751071, +1
8.34556500296, 5.94343001068, -1
1.96979232458, 7.92639990215, +1
0.44528507847, 8.20898385975, +1
6.07576688885, 1.76907890627, -1
8.65360560728, 9.69816068781, +1
6.47475999747, 0.0809643126158, -1
1.38119618352, 1.87934870976, +1
6.93923971207, 5.46523553295, -1
3.90323239375, 6.25401720594, +1
2.45616807501, 8.07832471577, +1
0.413294129325, 2.78445331358, +1
1.91389657121, 9.06180530184, +1
9.35268334185, 3.75195857772, -1
1.17692862526, 7.88949767966, +1
9.72582793731, 1.96173373559, -1
7.80050476818, 0.0876528821827, -1
8.29559492928, 6.42665316518, -1
1.88447720905, 2.24871448064, +1
9.67711409845, 3.21771610783, -1
0.487479547771, 8.7228446382, +1
8.23370439411, 3.99713997638, -1
2.48555927284, 8.60651111165, +1
5.48780545911, 4.26356564243, -1
2.06179307325, 6.28466366361, +1
7.77602065032, 2.89493488745, -1
6.96929562873, 2.94077273405, -1
4.89636132114, 4.69446155682, -1
9.07000708977, 8.69770377409, -1
7.81340602425, 8.18954724283, +1
9.22699244514, 2.97090191748, -1
2.75945391738, 1.95510089527, -1
8.03826712148, 9.49929935761, +1
7.43193843973, 4.03151661759, -1
9.79106031168, 3.11424078931, -1
4.98532646223, 0.106555284851, -1
4.14039113106, 5.59241579673, +1
1.63114685914, 6.00231779306, +1
5.84110120149, 3.5021380939, -1
3.47564198287, 8.60311400058, +1
6.07873800366, 1.5791349535, -1
1.61287054741, 8.83826330707, +1
3.00733289805, 2.76291566046, -1
6.19571569675, 7.58004162169, +1
4.25945468888, 7.84164029574, +1
9.63534858358, 4.87985402022, -1
9.54662362665, 5.56392315797, -1
6.04118396588, 0.420976130298, -1
9.51151835634, 4.29799281833, -1
9.14870109367, 6.84907429966, -1
1.5500744433, 1.07612960382, -1
7.07487851303, 4.52553465958, -1
9.14955507857, 7.40129057148, -1
6.99144813986, 7.67789218555, +1
0.238388217881, 0.0418781728471, -1
3.87304869068, 3.34280619097, -1
2.86488134949, 7.37044613102, +1
8.40079552828, 9.17981723831, +1
6.08910860117, 1.94371997323, -1
4.12734116378, 3.26706353985, -1
4.50713323776, 5.23068040344, +1
3.44151062134, 6.44798874313, +1
3.99561874598, 7.43917070271, +1
6.91879028378, 0.617009561152, -1
4.92779063538, 8.65620499627, +1
2.46426739621, 3.12750876687, +1
8.3629864816, 4.91267601757, -1
6.31878140145, 6.16291773189, -1
5.89035881903, 3.92021419027, -1
6.29696098358, 0.522402631194, -1
0.289236853013, 9.31185968594, +1
7.28596717682, 9.50053978515, +1
3.82817949468, 1.31165888478, -1
2.39495755552, 8.35226829027, +1
3.28374474509, 5.1838086387, +1
6.65236506755, 0.622712036427, -1
5.58189986154, 1.33253312501, -1
7.39398689654, 1.38093258873, -1
8.63514214145, 1.44103702506, -1
0.515139595376, 7.88045650028, +1
8.21766285537, 1.55547941865, -1
3.71865416523, 2.97968521967, -1
5.80263707048, 2.63869883831, -1
8.20396125574, 5.77111540787, -1
7.18810651552, 0.223320222148, -1
1.25261216659, 3.66753963659, +1
0.204531061353, 1.95425338822, +1
9.45217301561, 1.060232752, -1
0.781915885671, 4.47193115659, +1
3.26827188789, 9.52918746351, +1
0.241558468065, 1.43750661208, +1
5.80311193001, 8.2848202122, +1
6.12643844935, 4.64652550602, -1
7.10913201486, 4.81582603938, -1
3.4575449388, 7.11387413108, +1
4.55444686283, 2.91376872168, -1
9.63515557363, 2.23476017575, -1
5.26080120728, 4.22517418035, -1
0.712974971078, 6.25338574721, +1
2.07760383225, 5.95884106013, +1
4.0059662953, 7.72158662741, +1
1.6777847465, 1.55103930476, -1
5.1942891948, 7.70225008673, +1
9.03002576905, 5.3365548346, -1
8.95597654186, 3.9493562261, -1
9.3814946855, 2.84492188861, -1
3.8310129649, 5.5557262921, +1
6.55361050975, 6.89281043862, +1
1.0337197474, 8.76656022204, +1
2.43496890691, 1.31907905605, -1
2.10300479176, 3.04279626608, +1
2.76819198704, 5.15596451612, +1
8.08340354955, 8.35806454389, +1
4.52937952429, 7.08141493559, +1
1.58591856364, 6.03636539385, +1
3.37793837375, 0.177437234572, -1
9.1568413481, 3.82996235229, -1
4.47466992229, 7.09416300122, +1
0.421847252217, 0.725850222732, +1
7.33871828482, 7.92654538939, +1
2.2243287251, 7.87950999865, +1
1.44505928058, 6.87437910048, +1
0.909187863539, 2.75709807803, +1
0.685960807519, 0.666303248596, -1
1.80798716176, 5.53966835431, +1
2.90661095363, 9.11489535268, +1
0.171275568414, 6.01809496956, +1
5.45442298164, 7.88383133142, +1
9.82623416454, 8.8808729685, -1
4.70538389364, 4.90170826234, +1
8.57100766106, 1.14984427233, -1
5.01970211085, 7.51075221862, +1
0.803562105458, 9.30359241477, +1
4.11890383156, 3.28035116112, -1
3.98816778917, 8.65018409585, +1
5.56223564544, 6.51593040948, +1
8.52709258803, 7.64272796434, -1
1.44586006791, 1.73621811421, +1
0.73648144728, 0.310043488975, -1
3.12390741757, 2.0876802548, -1
9.09626745852, 2.17397550551, -1
7.03760226965, 2.54871944394, -1
3.99836252206, 3.58546877047, -1
7.87281531633, 3.65279126986, -1
3.90486308192, 7.19050021144, +1
8.25541850916, 9.89140619792, +1
6.06619735385, 7.96054721188, +1
9.38938357085, 1.27445477408, -1
2.61641139366, 8.23818382838, +1
6.5223331415, 4.04890270994, -1
7.57479834538, 9.16370096466, +1
5.35756868981, 6.5344964706, +1
7.95216901177, 3.96359269969, -1
4.33213218139, 8.34244664811, +1
3.52328869367, 3.51630168902, -1
7.88171268667, 7.12864734511, -1
5.29477703908, 6.73540741323, +1
1.03979235899, 3.40673366372, +1
6.19217668751, 1.27129531493, -1
7.69237081147, 7.96782149421, +1
6.59211478936, 8.81984067449, +1
6.08167628185, 8.79773265346, +1
8.09049975756, 1.31257406054, -1
3.49707140541, 9.88642992239, +1
2.04587942177, 0.36867463467, -1
8.24997818392, 5.11796254232, -1
9.5580848569, 5.35048883142, -1
2.64049538336, 1.51698132755, -1
6.11296528141, 5.30118248077, -1
2.30345627982, 1.25921007384, -1
3.67540123654, 0.430167126121, -1
9.48772074059, 7.42948381929, -1
7.49975910193, 0.510526691579, -1
6.98723054588, 8.02345271781, +1
3.58774773731, 1.02669439789, -1
9.51953567432, 7.66289078425, -1
6.30857742968, 5.19442699683, -1
5.35671358445, 3.70253066596, -1
0.821639344952, 8.86661090622, +1
5.27015601777, 4.36192286736, -1
7.4138428742, 1.20920120583, -1
7.78320825639, 9.16564950118, +1
4.13381607491, 9.77825064896, +1
5.470472688, 2.6225524683, -1
5.96439261038, 5.75193917292, -1
6.36099759247, 4.24005588764, -1
0.214938425527, 5.66025732409, +1
2.36277815569, 4.38431178776, +1
4.91786213369, 5.29110851238, +1
6.83363000303, 2.02438140169, -1
2.53663170923, 2.21539979481, -1
4.05940729816, 1.72100972495, -1
0.447525886091, 2.71928813764, +1
6.05764004335, 7.61786305197, +1
9.46452515571, 6.3436679112, -1
6.53332602271, 9.57976311357, +1
3.53356468121, 5.99087210933, +1
8.81678991807, 6.60455790552, -1
6.80377356024, 9.18015979975, +1
5.78886993794, 7.81895932738, +1
3.88635580695, 5.98080209884, +1
1.26357623876, 6.55464910762, +1
7.45859592696, 8.13491754741, +1
2.67458284057, 1.44044245867, -1
0.765282921961, 8.94080178107, +1
9.11675886919, 2.45440973605, -1
5.45878237463, 4.74133544462, -1
3.97708787871, 5.92435095651, +1
3.47728997286, 8.81766854361, +1
1.3761447991, 9.68402908661, +1
0.430410670671, 5.04515196651, +1
8.27585119784, 6.26641408939, -1
5.01471809007, 0.938010368878, -1
4.67365230695, 1.86647406521, -1
1.94021206799, 1.21576156917, -1
2.39587302285, 3.91823269642, +1
0.12373036195, 7.55941060741, +1
0.313784983592, 5.37418972296, +1
8.00201704209, 0.589165796797, -1
1.97565176938, 2.90759481408, +1
4.51195142807, 2.20010566702, -1
9.16864276734, 4.61508358152, -1
1.5729218745, 2.82977680587, +1
7.64835277702, 8.23024231799, +1
0.599866013054, 9.83314454127, +1
6.88246469955, 1.92862738435, -1
3.2002316594, 2.89106408246, -1
8.7848124398, 4.88956107936, -1
6.41900798527, 5.39358395774, -1
1.45057897168, 6.93875234497, +1
8.46736993117, 5.43807003528, -1
1.68546645258, 9.07993748466, +1
2.07951384164, 9.16386670944, +1
5.57502199072, 7.82651143539, +1
2.76006655162, 0.466416404469, -1
3.65918792648, 7.76802194652, +1
5.225115618, 1.50933688024, -1
3.525347007, 0.692881773372, -1
4.50115631658, 8.11062683161, +1
6.10207741318, 3.60571695475, -1
6.30991557494, 1.7505868767, -1
1.37023134036, 4.63304533762, +1
0.104396461678, 0.990310415059, +1
9.60008003153, 0.329146052055, -1
2.44583375443, 9.25794923425, +1
3.13605424811, 5.34720573844, +1
1.08716614936, 6.48714197001, +1
3.48485525443, 1.70806473219, -1
1.61401481246, 4.84016868434, +1
4.79260730403, 7.84290072716, +1
0.799038489885, 4.62444717674, +1
8.27845419595, 2.19224185006, -1
2.20194467183, 4.56376423058, +1
1.9276782099, 0.0811286499297, -1
6.3705288027, 0.307724874025, -1
4.62647320856, 8.77091544681, +1
3.2855084026, 6.47220974356, +1
7.10375714069, 0.552590390683, -1
1.98966540966, 1.00907695828, -1
3.76002011046, 8.46570168372, +1
5.19966967693, 9.94873072189, +1
6.41776769227, 7.20232810698, +1
3.83025919022, 6.86294608888, +1
5.12719304467, 4.6541495807, -1
6.12421557467, 7.97084723827, +1
5.46379099915, 3.88080851322, -1
7.76100962185, 2.53605991975, -1
2.37282824655, 1.93867743731, -1
3.1700785726, 7.88496753715, +1
0.404763522414, 7.36736464921, +1
7.99825111217, 4.12363195171, -1
9.20220715227, 1.9405668545, -1
1.13405136465, 8.30028167555, +1
4.73846186233, 3.11675677523, -1
2.06650292896, 1.97820831032, -1
7.85481347184, 8.59512983743, +1
4.56854512731, 2.88404759081, -1
0.0481622818306, 5.36143806185, +1
6.86370232104, 8.79823031672, +1
6.59468316993, 0.174690177088, -1
1.44911187769, 5.18814979676, +1
4.84514163029, 2.40257777355, -1
7.68532680022, 0.894655400202, -1
9.70387676892, 9.29452514265, -1
9.62617886052, 8.47975714364, -1
7.74395452359, 0.543269335783, -1
1.77491701693, 2.68018394811, +1
7.23131580068, 2.68773150994, -1
9.45672322341, 5.60451930244, -1
9.37482662379, 8.94384107269, -1
4.05331983541, 8.70445618725, +1
5.97778273276, 1.33491855386, -1
9.23981691446, 8.91031390665, -1
8.69231670333, 9.91413831069, +1
5.52274447365, 2.19013899042, -1
6.58668164769, 1.45602226555, -1
3.75521478431, 6.46138500011, +1
7.57927520932, 2.79111544897, -1
3.77713585369, 8.30400214555, +1
5.74846155126, 6.65344785119, +1
4.46531637791, 6.69665800245, +1
0.259519001744, 2.95110400178, +1
9.33779383266, 8.53138574417, -1
9.83248082226, 0.400365760152, -1
6.97291864166, 9.98952566602, +1
1.32945019877, 0.670333815486, -1
9.84751663465, 4.0867453077, -1
5.50521504076, 0.208285529222, -1
7.54369109742, 0.965300247177, -1
8.04709396047, 6.45590997372, -1
7.12201158418, 7.13441389708, +1
2.43216483849, 2.29295213168, -1
3.5794288973, 2.27455197151, -1
4.8548452746, 7.36510497566, +1
6.27962825125, 7.81607175257, +1
5.3410522627, 5.03682990005, -1
2.61005582566, 2.61979844426, +1
7.04379122954, 6.3147270465, -1
6.20605194262, 5.79612641082, -1
1.09954961174, 4.98319517425, +1
4.44411415961, 2.4369475617, -1
9.94826041889, 5.95203848788, -1
9.90757201511, 8.67624991979, -1
