1.34780761753, 9.58035399663, +1
6.80372926738, 6.36358747005, -1
0.440370758306, 6.84583542616, +1
9.21698269181, 4.49310751612, -1
6.94924561283, 7.39306033482, -1
5.45078889352, 5.99142437125, +1
9.88441892268, 0.0281312866103, -1
6.58061066993, 9.68690643048, +1
2.26283078716, 0.622818164469, -1
0.423780735416, 0.770641992333, +1
1.46771177686, 6.29825064401, +1
6.67045960894, 5.83743637438, -1
0.842941352632, 5.45536541232, +1
8.35046714911, 9.36147226185, +1
5.40892821629, 3.26449001065, -1
6.49423196137, 4.14392793978, -1
9.15660962598, 8.83869987702, -1
0.551268765246, 9.82001842496, +1
6.4154235226, 0.0434305770869, -1
6.95714250445, 0.888599672488, -1
5.24583111876, 7.56196036354, +1
3.1851744607, 9.29877576381, +1
4.05787109949, 3.59427308659, -1
0.0805236084951, 3.81786708144, +1
6.83419293718, 8.28808589011, +1
7.22932888127, 4.08584207504, -1
3.50905027202, 5.21008233271, +1
6.1247857001, 3.40680293641, -1
9.20377856459, 3.25322574556, -1
4.40640160982, 0.675616817102, -1
2.30014178388, 7.78435997643, +1
0.946589917916, 2.5256392559, +1
4.88068095024, 3.97787722786, +1
2.9651939488, 3.02915901975, -1
9.7210510999, 5.3805435485, -1
8.22328956143, 5.10554060032, -1
0.239978359565, 1.36075329387, +1
5.91725157777, 5.22472608678, -1
6.95584835333, 5.46198934277, -1
4.77641367881, 1.62579206472, -1
6.4819758555, 9.72837132296, +1
6.31270997657, 3.80084976941, -1
7.6310425678, 4.62383098487, -1
5.56761156923, 2.79366702151, -1
6.89429965272, 3.82178316489, -1
1.03240468471, 6.25786845349, +1
7.71641731299, 3.55130767898, -1
7.12823231171, 0.0323809517925, -1
1.63988271055, 8.3068160935, +1
5.09836772992, 2.82288112349, -1
8.12572463578, 3.05580111746, -1
9.48136271253, 7.30885172141, -1
7.73412991306, 9.61786082019, +1
0.419921620574, 8.23490200572, +1
2.95318617892, 1.9844561147, -1
8.56508461786, 0.269933180996, -1
2.82254909606, 3.85087249364, +1
6.70176608289, 2.53808498826, -1
1.76051538836, 4.01129538492, +1
3.86015734399, 1.55393541789, -1
0.094765777606, 1.69503133661, +1
3.93201219805, 4.07314042608, +1
4.81763202091, 6.85470530219, +1
4.84758477003, 7.89030711884, +1
8.82693513147, 9.38526221509, -1
1.7117290014, 2.4840979849, +1
1.66127837302, 8.97616020625, +1
3.98728395496, 5.69991209212, +1
7.15415234895, 2.8152808129, -1
6.66527723181, 5.46110616789, -1
5.41553050653, 9.74901524603, +1
4.11208640984, 6.49212936999, +1
8.02476912059, 1.79477144105, -1
6.09287254404, 8.56653505462, +1
5.5233206556, 1.66670986613, -1
5.31615501214, 9.25276667581, +1
5.62073047903, 2.09080059143, -1
6.23058154289, 9.14345008616, +1
2.86297703917, 1.34201064961, -1
0.502537812639, 0.983221504826, +1
9.36586204046, 7.66325786542, -1
5.28251448283, 6.75742003782, +1
2.79669664696, 1.42446607439, -1
3.2768111901, 9.8760282231, +1
2.65877607542, 7.0421916352, +1
2.88464915281, 0.158706001149, -1
0.214024335976, 3.72305270421, +1
2.08726280807, 8.20782603907, +1
2.39607743195, 5.8372263536, +1
3.19908321108, 2.44242318828, -1
3.14878125796, 3.35477933811, +1
1.42817547073, 5.02687653119, +1
6.0461435541, 0.853663323736, -1
7.27196485119, 0.662135348322, -1
8.50876656384, 7.17479279066, -1
6.72209432767, 1.37819152227, -1
0.0582539203581, 6.46633848819, +1
2.34314433384, 9.76829920401, +1
8.04522940316, 3.97675213739, -1
5.41535304261, 2.72677945649, -1
6.06408629367, 4.83835927741, -1
1.5230769835, 0.581512981128, +1
4.03511433829, 5.71398627309, +1
8.6965562959, 2.08596097051, -1
6.3110837892, 1.45185081872, -1
0.616917074261, 7.82534061888, +1
1.69213751809, 6.18876339135, +1
6.88813883915, 7.84890837063, +1
2.76949107291, 5.2432361013, +1
7.88798314011, 0.577652963827, -1
0.668375828304, 2.8007474746, +1
6.11533491471, 8.97561981549, +1
4.54277629541, 9.74363415045, +1
3.41020913257, 6.21136809782, +1
7.71158128699, 7.63565244652, -1
7.11006814422, 1.1617223836, -1
5.3970770928, 1.82638388934, -1
2.37131382009, 9.75697084007, +1
4.84722527618, 5.81116847922, +1
1.68882051946, 0.286179647033, -1
0.116336360843, 6.13266494669, +1
9.96209347768, 7.91876550501, -1
7.36361649157, 3.8686451097, -1
3.47848081056, 3.14806061903, -1
4.1225723649, 3.08680727972, -1
9.49251580424, 6.3965380877, -1
3.67410609932, 0.780949033484, -1
3.59145960472, 4.89452002009, +1
0.695575946686, 6.16583940497, +1
7.19466630435, 1.4260646129, -1
9.50263578521, 0.983084192352, -1
8.38397554109, 0.118125199826, -1
7.69979999509, 9.32341699848, +1
7.28394058327, 6.19979575789, -1
5.1896885036, 0.176826458385, -1
3.27607609471, 5.0760190383, +1
7.74264731263, 2.03925790956, -1
7.89085951583, 6.47504989215, -1
5.18146790079, 0.90495343193, -1
2.11607499039, 6.7479499238, +1
9.20621982659, 9.03002544808, -1
0.498215358644, 3.30033754529, +1
0.537920579809, 5.70784915097, +1
7.06871928733, 5.85488559044, -1
7.93025938591, 4.32386431077, -1
0.570260462793, 8.14161638595, +1
3.38532974147, 6.16333964601, +1
9.32476532031, 2.91350409703, -1
1.50793724686, 7.55460792235, +1
3.58016977946, 1.65692692674, -1
0.113345144054, 5.0019204987, +1
2.89947374402, 4.90630075179, +1
2.38571271371, 6.07427949497, +1
5.07748501975, 6.29432863418, +1
3.19780771735, 2.0959314373, -1
2.69484112442, 1.95607798119, -1
1.87970290591, 0.125693519692, -1
2.15457723681, 9.3239780358, +1
3.31824674799, 2.02888350278, -1
8.88112538486, 0.216614029642, -1
7.08542258859, 7.25302960657, +1
5.79834064119, 4.54941206291, -1
1.82870060978, 1.3809698119, -1
9.24920185283, 7.35346614483, -1
1.19812697985, 0.610535961458, +1
4.42058702964, 5.63981455742, +1
1.60869885799, 9.71811904251, +1
7.87655290991, 4.41472431252, -1
9.20415722493, 1.16726784424, -1
3.50175184684, 6.01764142619, +1
8.62123168902, 8.14398249795, -1
8.55569923749, 2.57189587941, -1
5.13802461459, 6.34347879836, +1
9.89415388864, 7.27276749208, -1
5.2258750501, 4.03764422394, -1
0.536818081025, 1.02844320151, +1
4.43987488493, 7.77324020991, +1
3.16435103596, 0.765370669932, -1
2.22046922083, 5.31902870387, +1
3.97195533926, 6.0763068633, +1
6.58079757567, 8.29305164431, +1
0.611361450981, 7.51096300124, +1
2.17665150232, 9.90887265025, +1
6.63803268192, 1.55743769212, -1
9.78446692052, 5.47196898876, -1
3.37479687733, 6.94379170072, +1
2.60448532996, 3.96147069799, +1
5.52456587925, 0.376533277313, -1
5.8265149637, 1.18442297622, -1
8.00033269167, 3.56621643319, -1
6.3942850562, 0.170193979483, -1
0.270019953501, 5.72033824096, +1
3.27513910824, 3.44719295428, +1
8.71178989535, 7.88287378253, -1
0.0680899537677, 6.70516508439, +1
0.051501043932, 3.8987240135, +1
1.19763755617, 2.66310860983, +1
3.8453022816, 8.72284003463, +1
2.99580129343, 5.355244763, +1
9.31880749177, 8.12991743503, -1
7.12381899625, 2.27118666146, -1
2.95571329021, 0.250333911748, -1
3.43545212653, 4.28431091456, +1
0.191368425099, 6.78809306356, +1
9.87583538597, 9.1185874921, -1
7.70346100877, 7.89812536095, +1
1.5139110593, 6.26477143801, +1
3.54721068324, 7.61020198319, +1
8.76531234231, 0.441293421935, -1
0.660043631181, 0.263055620737, -1
3.63471489935, 0.471051962514, -1
0.202104259783, 3.82952319819, +1
9.48870890246, 0.978418670385, -1
1.56661810285, 6.50867652975, +1
5.9282846693, 4.10399777263, -1
0.898046709529, 4.24878946841, +1
5.43704424803, 4.22908559297, -1
4.99953566643, 7.25103312295, +1
7.91060653035, 8.19450732365, +1
1.69481459059, 1.86710316317, +1
3.28294702077, 2.83687931781, -1
1.37930598956, 2.56315521938, +1
6.75204663055, 3.18593127217, -1
5.8716886976, 8.10409851787, +1
6.03663170291, 6.15444311788, +1
8.69545322723, 3.65944570009, -1
7.2131763542, 2.07535029085, -1
1.933533223, 7.77002800299, +1
7.83377956046, 1.75333689449, -1
5.3069089803, 1.91041684048, -1
5.43579091689, 9.59243217307, +1
1.79183651659, 7.30841850418, +1
2.40865127029, 4.67484135471, +1
1.69766589235, 3.610760885, +1
4.84818393317, 6.29258320665, +1
7.80518078029, 0.319784323724, -1
4.79670018039, 2.28964014111, -1
2.44614387717, 0.579152348239, -1
5.34058314388, 0.257565840448, -1
7.8475077992, 3.31910515205, -1
1.9866761529, 9.98047125071, +1
4.45598907873, 1.59265456529, -1
2.24605025703, 2.66026471188, -1
7.47259755362, 3.43333535322, -1
5.85528651372, 2.47327793615, -1
7.63640843272, 0.767805897683, -1
2.13117519975, 6.236355222, +1
1.13652715563, 0.171364710801, +1
3.07932613244, 6.36725479851, +1
1.00701950512, 8.2029323648, +1
6.92489810166, 5.01492275782, -1
5.69611188772, 3.58454098241, -1
5.05242463701, 0.429941167575, -1
8.53116932036, 0.964339044184, -1
6.27708347175, 8.06661194366, +1
1.9779224295, 7.49127767958, +1
0.607893808995, 9.23992678571, +1
6.92076924963, 9.66499524674, +1
8.86593362075, 0.859728387981, -1
1.87133536628, 0.762088147311, -1
9.56061166937, 8.77927304229, -1
7.65463801009, 9.62701252829, +1
7.30329670527, 3.79308130315, -1
7.6396059395, 7.69742720664, +1
8.91887640795, 4.26124865302, -1
7.08918292602, 5.65804808651, -1
8.81050848136, 2.56069828094, -1
7.91140208526, 6.1289484364, -1
6.94408331836, 3.13068013006, -1
8.47981857078, 7.61507720035, -1
8.27162539646, 0.676207070519, -1
0.366459496067, 2.11602591656, +1
4.00351545947, 5.58285857348, +1
9.08179402267, 2.83262815308, -1
8.34317702957, 9.59310146946, +1
1.24775861751, 4.04432327005, +1
9.02241046375, 0.519412451351, -1
9.51500122158, 9.73521345233, +1
5.64257761993, 8.91674349287, +1
6.27358753903, 1.23738300112, -1
5.83820871161, 6.51799164402, +1
2.35023533899, 0.74716330648, -1
9.23918412339, 2.93959999711, -1
8.52295499341, 7.75668368262, +1
9.32871882017, 6.96102215289, -1
0.159822529534, 2.99797497889, +1
7.36722354267, 7.88830665402, +1
4.37551508886, 9.47635239112, +1
4.55317443798, 2.84915520143, -1
5.5112337272, 6.26563024, +1
1.46816743165, 0.930057381716, -1
6.54275549817, 4.15063281309, -1
6.46384168228, 8.3830889622, +1
8.38114334185, 1.60069581561, -1
9.73608716643, 6.25931246955, -1
1.5350823453, 5.25283509606, +1
2.85690706753, 6.84419208189, +1
4.40158180239, 7.70206016052, +1
0.818063440712, 4.10772413397, +1
9.01139003959, 4.46943561705, -1
9.93321783783, 3.71185695659, -1
2.16725256626, 0.0244228673546, -1
8.53491514428, 2.94864521211, -1
6.19554306561, 7.27785632944, +1
0.203568195285, 9.3016129276, +1
9.27097861017, 8.26191869131, -1
3.60620898787, 5.69002182304, +1
1.65050810468, 5.48715771833, +1
5.63717472863, 1.11675360296, -1
6.67585873802, 8.48385450433, +1
3.8180579858, 1.52218821974, -1
9.23910991357, 5.15293583085, -1
9.87194568938, 3.08248777331, -1
1.61539210998, 3.94997388122, +1
9.98989221634, 5.73972285615, -1
9.72553495008, 2.09599001632, -1
3.83487469519, 8.26436252887, +1
5.11341568335, 1.46087703853, -1
4.37341601442, 4.62315474456, +1
5.74582534829, 4.87041730094, -1
3.8173122746, 0.57901547573, -1
3.18648005474, 9.88385557, +1
7.35507109968, 3.16717280678, -1
1.68375463367, 8.1660598762, +1
4.96165045301, 7.11921564815, +1
7.69354185996, 7.7143067468, +1
5.89908397674, 2.55930167926, -1
3.22889518843, 6.91035489961, +1
3.03456396569, 2.49163780093, +1
8.7915656794, 7.42886258919, -1
7.84465095105, 8.22514726981, +1
3.20196560289, 2.77941452992, -1
8.64171609895, 1.12364075778, -1
6.89011503787, 0.740360619646, -1
2.02606040222, 1.08815100221, -1
9.32628071878, 2.77073084835, -1
5.50124223525, 7.93535325426, +1
0.535101466613, 6.09018236108, +1
3.37112710093, 7.54344451413, +1
8.06525027997, 4.40694953047, -1
0.709297521938, 4.31346035637, +1
7.53763081778, 0.729376413702, -1
1.39199928831, 0.11187378979, -1
8.44926332045, 4.26099055862, -1
4.85371553317, 9.86965194429, +1
7.35933169262, 5.45289960083, -1
9.15240177028, 9.060433648, +1
6.07208750946, 4.21507903716, -1
0.854748092927, 6.13028295683, +1
1.19580174029, 6.25889686454, +1
7.86437356942, 7.03170612374, +1
3.76162685819, 9.44305384237, +1
2.9863806478, 9.98120941478, +1
8.28599861041, 6.57227837726, -1
3.84367053967, 5.62557337192, +1
1.78803857429, 6.08393207055, +1
9.20224086329, 7.53786707952, -1
5.7269308643, 0.914147387007, -1
7.17390844895, 4.7364251603, -1
6.00366362685, 7.50170270908, +1
0.194519229665, 2.44128781929, +1
1.75424737206, 5.70958657287, +1
8.29898785878, 3.08654477076, -1
7.41462568527, 7.03548979086, -1
4.25598932186, 9.67099910955, +1
3.30429583486, 4.46037194234, +1
5.00815871156, 8.11261851234, +1
4.45831933794, 2.53917444517, -1
8.39152091523, 9.40335875346, +1
2.4906339422, 2.63971263836, +1
9.63532234376, 6.1470733051, -1
6.81478809559, 2.31119120311, -1
4.21259294306, 8.96265753857, +1
5.39170422942, 6.38846993384, +1
8.8636475031, 3.12179752296, -1
6.27323747788, 0.381921999072, -1
4.31054667998, 2.95019727063, -1
3.27354251751, 3.16795234053, -1
5.30289869487, 0.102296405089, -1
6.37055709184, 4.10948292735, -1
0.488815145447, 4.45563156858, +1
4.13013611861, 8.28956541816, +1
7.78777001505, 7.61665830607, -1
7.15910353931, 2.00098464758, -1
6.8861355841, 7.638601361, +1
8.72486576374, 3.27894112536, -1
0.211753178038, 9.56602042183, +1
9.82269978947, 7.82025508483, -1
0.0728326094545, 4.26494605386, +1
9.08095528059, 1.39350381172, -1
2.65908276295, 9.04138219085, +1
8.32397367521, 3.18664220045, -1
5.13161121813, 9.73742422127, +1
4.0449067655, 6.27854853288, +1
4.81665239146, 9.28341458052, +1
4.87690666297, 5.8752879124, +1
3.40438951864, 6.49384051323, +1
3.83815257733, 2.66408930934, -1
7.12214111475, 3.71401966849, -1
2.80107102397, 6.33395745192, +1
6.72777561535, 6.48395716907, -1
7.55954909145, 3.5806191587, -1
8.75873062959, 5.66500983875, -1
9.22737180494, 0.793749839561, -1
3.57645356856, 9.3596694468, +1
9.12430019582, 4.57509155358, -1
3.59158014984, 8.67042428888, +1
2.3168683376, 9.82147743428, +1
8.42881975825, 0.862676347019, -1
8.93340958531, 6.05215019165, -1
3.31793595726, 7.92051853284, +1
2.81258224863, 4.16106431911, +1
0.827713832626, 2.23521050792, +1
3.12524645365, 2.13542275192, -1
8.97912466222, 2.98998830695, -1
2.93134933091, 8.829017225, +1
4.26535537087, 9.26981476406, +1
7.55309836687, 8.54729297599, +1
3.28740839229, 9.987464612, +1
5.04053204099, 6.86297548252, +1
1.48643719681, 3.55521092604, +1
1.70404689418, 1.009998856, -1
3.84139182675, 4.7149965605, +1
0.643027902529, 3.07279244367, +1
8.48519030407, 9.83687411861, +1
8.45683171312, 3.9635709952, -1
5.23284465348, 2.83908418837, -1
0.194843945422, 6.6701545238, +1
7.79780092317, 5.52989258669, -1
7.42814950035, 3.32785867978, -1
8.46760323027, 6.31197681485, -1
1.29917527114, 9.16784583236, +1
7.20417233897, 7.60956125059, +1
6.31871789768, 0.0219077877086, -1
4.07446384048, 1.65585360284, -1
4.89891546796, 5.74197820732, +1
6.63371446785, 5.70961089917, -1
2.64762640351, 8.17419517958, +1
2.06012195742, 0.252685767483, -1
7.85483128618, 1.06484120306, -1
9.03643755585, 7.13152944111, -1
0.940392349927, 7.21322301636, +1
1.25871886489, 3.22785492946, +1
6.30652859461, 2.85453296436, -1
4.75636941849, 9.85763917408, +1
4.71502609917, 0.130882850045, -1
3.35328913883, 4.58390735643, +1
1.19607691245, 3.71242702562, +1
0.0812064549079, 0.859417105611, +1
0.98185401367, 6.19528805506, +1
5.13312393717, 3.04897197318, -1
3.49801365603, 3.44716072049, -1
8.75011310987, 7.46507473218, -1
8.56630402143, 9.14347366618, +1
3.37786511633, 3.04526022241, -1
7.01872804768, 5.39418691476, -1
3.98618672655, 8.46420172632, +1
2.9633651187, 1.48642102062, -1
7.21743311947, 9.91431292581, +1
4.20271347551, 1.57080980626, -1
3.61199699446, 2.16244651558, -1
6.4351377899, 8.92503620227, +1
3.2338853043, 1.66754424929, -1
8.78691264496, 1.13571274454, -1
8.45322954487, 2.72445222906, -1
1.41732149778, 0.999370889229, +1
3.05528810352, 0.0579735772145, -1
4.86601044398, 3.41892733999, -1
5.7673528583, 9.53586181307, +1
1.9351766135, 2.51052589235, -1
7.33648350944, 5.40427997308, -1
1.47202118406, 6.73520439517, +1
0.256433478228, 9.8478856087, +1
7.70409908915, 4.81014593909, -1
1.20263359197, 3.64565650837, +1
4.69880591726, 6.60657444325, +1
0.983342061916, 9.354732189, +1
2.9016674568, 9.47914802949, +1
5.79694661434, 7.27909627348, +1
7.40562201999, 4.15239590743, -1
1.4467970138, 9.12923355954, +1
1.80010252864, 9.64522028191, +1
1.41771665455, 6.56631233801, +1
6.32276352006, 8.06428400974, +1
8.24731810646, 4.1542834564, -1
2.88202742149, 8.9121619835, +1
8.29637864779, 2.89911696301, -1
7.78062466585, 1.70417479714, -1
5.01136305698, 3.353444814, -1
3.14313005266, 0.908567147484, -1
4.6967129589, 1.54414348921, -1
5.33039235404, 6.28252507137, +1
1.74463590786, 3.69601848837, +1
3.92929712926, 4.7175402465, +1
4.74516535555, 9.86112623278, +1
3.34546604275, 0.627794038742, -1
6.4324874055, 7.2372080025, +1
8.39654227589, 7.22619719971, -1
9.63376228534, 1.14326016825, -1
6.81018971955, 8.16828138119, +1
8.74827415296, 5.5423286416, -1
7.76510369874, 8.64452461166, +1
0.531085874422, 8.64884457747, +1
6.12863536789, 2.60436650858, -1
0.765935589774, 2.38211284224, +1
4.02337648528, 2.94838670298, -1
3.10423280561, 9.25536516234, +1
4.31238487404, 2.84864024435, -1
8.71165776401, 1.56105759344, -1
4.0490124126, 7.92785320617, +1
4.38320974864, 0.0135752219807, -1
8.81024707383, 6.65160749759, -1
3.91160360615, 0.419141882738, -1
1.86794792448, 3.13219237282, +1
0.735778488741, 2.57756543578, +1
8.33660987765, 2.51725942631, -1
4.88315924234, 0.225488912266, -1
3.0193724212, 1.82500111069, -1
6.6269459758, 8.35655882091, +1
5.17076083109, 3.59498417063, -1
0.51002070747, 9.64944797821, +1
9.85141828527, 9.24220294598, -1
8.09087310403, 5.37257134371, -1
6.78623629506, 2.94790556324, -1
7.98156272375, 2.05694898788, -1
5.08815468416, 3.49574635394, -1
7.43846048964, 6.02506426543, -1
9.85089865975, 5.86033005558, -1
4.79373474376, 9.63031177718, +1
2.77319430868, 1.68692615829, -1
1.07401462992, 8.35376829189, +1
3.05020800835, 9.56771261679, +1
6.61291815324, 9.64673467733, +1
3.0798435277, 9.52119261741, +1
4.09489830474, 6.40801486879, +1
0.637801151686, 7.31284381427, +1
0.784502354603, 0.798548298789, +1
7.81590976331, 9.86463572573, +1
0.319379163937, 4.57718592364, +1
3.65824819136, 7.5231167035, +1
7.75571017346, 1.40269587615, -1
1.06294379544, 1.5663175246, +1
3.33808321497, 7.03227604938, +1
4.90949734804, 1.63981205991, -1
9.46465028311, 6.56362807085, -1
2.32926490766, 0.10177473144, -1
4.38686808938, 2.36714734929, -1
8.4215589359, 6.34439044779, -1
4.76524676388, 6.34279584272, +1
0.157760457051, 3.47481714772, +1
7.41859863579, 1.96184406582, -1
8.33821748971, 8.82037375268, +1
2.25884810451, 0.102139419076, -1
1.8594851613, 6.47334879149, +1
4.16363729942, 7.94617530266, +1
8.76107310609, 1.24239114936, -1
1.61641939514, 1.25855992142, -1
9.32132556519, 0.744900374446, -1
3.63569952466, 2.34801729914, -1
8.16978027721, 0.0288250700863, -1
2.75824404199, 6.88225908625, +1
3.11401149773, 0.849398380269, -1
2.49852475577, 3.33515907977, +1
1.25000385727, 6.07691543213, +1
5.82865228682, 4.36902048401, -1
4.73980347363, 4.99609619965, +1
9.74952033032, 7.98845784512, -1
9.8072730348, 9.56388464483, -1
3.16850362359, 3.8155835219, +1
1.64908176671, 8.39110878813, +1
0.116194512106, 4.79550917062, +1
8.53317518957, 4.74875793137, -1
5.38035900428, 5.12215849011, -1
4.43615011649, 3.942696413, -1
0.116628993508, 8.76531614611, +1
1.73663244127, 7.71442285797, +1
7.29930633789, 0.50396382181, -1
4.08699606478, 9.65617009681, +1
1.55737779134, 6.61925704242, +1
7.08601384161, 7.09864574408, +1
8.4926799292, 6.40236159307, -1
3.34214799554, 4.57735550594, +1
9.96109797328, 7.48482632977, -1
9.47913243605, 5.58810158686, -1
1.64807918812, 8.79457056631, +1
5.78910375611, 9.49009470912, +1
7.27647195184, 9.95550255853, +1
7.26630231992, 8.2695246767, +1
4.08067481981, 7.38713906744, +1
1.23231906655, 8.35354560063, +1
8.65284048691, 4.24852756187, -1
2.97975940215, 7.67117768969, +1
8.5378073389, 2.2636301193, -1
6.70486580808, 7.31736554934, +1
8.5369393185, 6.65697303585, -1
0.356486313731, 4.37628446821, +1
0.392344795192, 3.35512693153, +1
5.90768835582, 3.78353371393, -1
3.38115831432, 0.793674180616, -1
0.100306702439, 5.67283979339, +1
8.83378600144, 7.19344572045, -1
9.66640363571, 2.3838732549, -1
3.71051459515, 4.0900349846, -1
3.87757093605, 1.64705718918, -1
5.68502989068, 0.914880889081, -1
5.95373657462, 5.24530264643, -1
0.117658759091, 3.09843657805, +1
0.879703399528, 9.4280140944, +1
1.73177553174, 4.00009891599, +1
2.3495842199, 6.75623625647, +1
6.2418351406, 6.37852762424, +1
8.42705560882, 6.64373192728, -1
4.53793700411, 6.56041193763, +1
8.67901901757, 1.24145143884, -1
5.56018149385, 1.60565053231, -1
6.31213749526, 8.9554895939, +1
8.50325403487, 6.03495079334, -1
6.49832033857, 5.62651493317, -1
4.56837503085, 0.60116772302, -1
9.64644080473, 5.13731033954, -1
6.81376879855, 2.25502864577, -1
9.07762109351, 6.72263964203, -1
0.122141446862, 6.16507868288, +1
9.52264222907, 7.19966345127, -1
0.719573152777, 4.7241783963, +1
4.4694056009, 6.56780356919, +1
3.98212809058, 4.65879780917, +1
9.20555051654, 8.39376381254, -1
3.5571954893, 0.572573817108, -1
2.06231150275, 5.03728997219, +1
8.35908172054, 6.48674422166, -1
1.15902941974, 2.66119266223, +1
2.14191998242, 3.23448125259, +1
0.374962225556, 6.5621060876, +1
1.7844531524, 3.14795435223, +1
9.65111779458, 5.501020524, -1
5.99495146194, 2.81690091259, -1
7.89041024092, 5.47283805704, -1
6.1821317144, 8.08321995186, +1
6.5572247602, 0.70761633975, -1
7.02209057342, 4.17223243259, -1
0.656327705907, 7.49673268058, +1
6.84762304189, 8.54686937071, +1
7.80686852525, 5.04048792949, -1
3.6730341239, 4.7888761404, +1
5.54147013347, 2.98970748342, -1
3.51072115379, 9.70241977091, +1
6.15710885898, 8.01641638626, +1
3.51129783944, 9.28868795974, +1
1.87300230274, 6.19658126807, +1
9.40532498309, 7.91620193729, -1
5.44938495841, 5.74741385908, +1
8.89896064959, 2.7248241419, -1
4.28995708505, 6.30724583375, +1
4.94429830731, 0.717860717003, -1
5.55726272863, 3.37169810994, -1
8.19691516427, 2.29394273784, -1
7.64061063908, 1.4063661018, -1
4.8375277877, 0.394104022786, -1
9.18231008555, 1.26509960459, -1
8.11914648166, 8.70614188462, -1
8.3746028411, 3.94357047079, -1
5.1596794133, 0.00313251405516, -1
8.77740567671, 5.57288044614, -1
5.7251222971, 1.4405304681, -1
5.16969146995, 5.43751319707, -1
4.90955023672, 5.84791275887, +1
2.08371006761, 4.82818776756, +1
5.24163594403, 3.26381521453, -1
7.22382630544, 8.616496116, +1
8.6694078621, 2.06332908406, -1
0.376973078769, 8.12288467332, +1
4.04583502084, 6.73901978728, +1
1.72321486823, 3.02278827947, +1
7.49448601363, 7.45413268985, -1
9.32489560535, 8.11820094194, -1
1.68307418218, 6.82579477564, +1
9.09556491187, 7.82586215771, -1
0.811859154903, 2.6426414412, +1
4.74097780451, 2.43233260992, -1
5.17277137432, 3.21164010839, -1
4.00802142438, 3.62137738956, -1
2.22149272379, 4.17222354538, +1
0.149489642508, 9.74571002339, +1
4.87685548329, 7.68817788877, +1
0.668745594298, 4.6003008632, +1
5.75658034269, 2.80234941716, -1
6.3170992707, 1.53547941716, -1
6.37612678772, 4.84561614072, -1
7.15983366738, 0.362085727031, -1
2.43356841704, 5.90977662774, +1
1.40958975735, 5.73326695868, +1
6.6184318192, 5.10609750056, -1
6.63108467976, 0.604094042024, -1
5.93639120656, 7.00794955214, +1
1.42908293807, 8.25833368359, +1
4.61168535879, 1.35452331036, -1
7.66254923161, 3.98711583194, -1
2.74786810194, 8.3691189711, +1
8.66693035896, 5.87859440064, -1
0.959289767178, 3.36505510912, +1
7.34221921565, 5.13538019888, -1
6.38935502566, 2.21727014206, -1
0.647993292794, 1.93595091383, +1
7.26758499733, 5.1180822043, -1
5.63240592168, 9.26918116805, +1
5.3010316375, 6.98981202035, +1
2.89036696922, 1.42708358378, -1
2.99942486367, 7.95765148939, +1
5.72594880316, 5.51483470259, -1
2.32256343107, 6.86640610177, +1
1.84540085159, 4.06247698006, +1
8.20059685824, 2.62800175128, -1
4.574059495, 8.50851373123, +1
2.30869739803, 3.7315283332, +1
7.92951942357, 1.64939971472, -1
8.27364749987, 9.32195693275, +1
0.465152288191, 8.25270812261, +1
4.27194998266, 9.54648574804, +1
5.08270054291, 5.04058641589, -1
9.40423480248, 6.84380552584, -1
1.74428949207, 3.94947746439, +1
5.67075121905, 0.0524062456792, -1
1.8605199155, 0.932622703539, -1
7.20611324953, 0.377400990842, -1
6.06502693103, 3.4962479949, -1
7.28502144439, 1.96907616857, -1
4.67271290796, 8.22566834039, +1
6.09969047992, 5.54714192043, -1
9.44371377729, 9.93637214641, +1
2.32700113119, 6.9914882165, +1
7.60454547336, 6.35913067546, -1
8.29407788276, 3.35848247597, -1
7.44779002724, 0.812867108717, -1
7.19762259437, 2.34506126049, -1
7.97112571748, 3.25065322731, -1
2.49655335486, 3.26818617569, +1
2.64927313287, 6.39599675364, +1
9.65619045627, 8.85507169517, -1
7.29405305311, 1.69106847948, -1
3.51199798024, 1.99091476592, -1
7.73960576565, 1.1815441318, -1
4.49680672784, 8.23860661953, +1
7.1317769427, 4.04465353722, -1
5.04063881402, 7.13434510603, +1
2.55317613787, 7.53651679809, +1
9.06374958691, 3.691030006, -1
1.980286705, 6.830035244, +1
3.88792645325, 2.13947280269, -1
7.43642728994, 1.67266412253, -1
4.8860636865, 4.98238272568, +1
8.96150618741, 2.32381895369, -1
6.31821046498, 4.10219843277, -1
9.62428651082, 4.17353048735, -1
4.63039768965, 1.18096982198, -1
4.79718162219, 4.94412559988, +1
3.69445695736, 0.933431464293, -1
7.61791864568, 8.42478458134, +1
7.35395021676, 5.45491930727, -1
6.73391357936, 5.281391268, -1
2.10344484408, 3.29058940993, +1
4.54943046652, 8.57373823872, +1
7.13879121384, 0.559842807951, -1
8.37216557873, 6.55748665893, -1
3.47304462366, 4.71049770754, +1
8.20275228998, 5.17805851433, -1
9.0114470313, 9.96627805422, +1
7.51262855371, 7.46197354834, -1
1.07149778229, 2.84874082396, +1
2.12136196517, 7.84291491006, +1
6.58293747535, 4.24615112155, -1
0.924038656859, 7.79878710175, +1
6.88100398438, 5.55790082799, -1
1.09075584074, 4.17909232267, +1
7.13029176359, 7.12535484191, -1
7.83481091536, 3.94724989804, -1
4.95737702497, 8.1267325306, +1
5.75557189388, 2.7004619069, -1
8.51367834393, 9.08669431327, +1
3.42255795918, 0.979414765683, -1
3.77393785026, 2.17448054824, -1
7.86764086203, 3.07174887735, -1
2.82365957262, 7.24301406146, +1
6.1804257652, 0.537852628692, -1
0.0631420226759, 5.62261671872, +1
9.88063170055, 5.29446041315, -1
8.70802322472, 8.46472988962, -1
7.23840957896, 7.71841447981, -1
7.07129977073, 1.68145158957, -1
6.77417962701, 9.17872886114, +1
4.96802446587, 0.800665887865, -1
2.15782445446, 8.99668377438, +1
1.94031099565, 2.50651910776, +1
7.12585033403, 6.2140584808, -1
7.57613460826, 0.596280709031, -1
7.45931300316, 5.09151130093, -1
1.13047104572, 8.46002558022, +1
6.9899297109, 5.62306682224, -1
6.7680504004, 3.09331335685, -1
4.01987727305, 3.05186661553, -1
9.67601597445, 9.25301786091, -1
5.57263601064, 4.883547222, -1
2.73336701118, 4.67601346696, +1
0.23923244822, 1.54062927051, +1
5.04381236175, 6.05015906003, +1
3.71270579127, 1.64063479218, -1
0.752712723746, 5.97425283287, +1
8.28923915241, 9.65875253637, +1
1.2482464009, 6.51714658387, +1
1.3902963907, 0.649803165389, -1
9.46741381175, 4.54456197756, -1
7.39304749432, 8.91978683016, +1
4.2530588329, 9.25475892037, +1
7.6426852375, 4.36296094803, -1
1.14560081306, 8.4102612769, +1
7.31811544773, 5.08191893991, -1
3.107252818, 7.87954111412, +1
8.64947276055, 3.80146044436, -1
5.68680828089, 1.78382505491, -1
7.38056922473, 3.14073391748, -1
6.0371861755, 2.66227956515, -1
0.424262090949, 0.933603668164, +1
5.36647375665, 3.10829007136, -1
3.33206762834, 1.3723730226, -1
6.72565636595, 8.13969361797, +1
7.05022587345, 9.88186394764, +1
6.36642445345, 9.36608925969, +1
1.20998151628, 9.04388605861, +1
1.91510501623, 3.3151598741, +1
6.90301325639, 5.85808032163, -1
1.3921107256, 0.0144164280814, -1
9.20907737845, 2.86243289663, -1
9.10265743855, 3.85538510963, -1
6.2797525771, 6.76785027648, +1
5.3020139894, 5.06743642724, +1
6.54342939666, 7.01167935987, -1
3.75041323013, 2.68806797989, -1
7.72800058166, 7.15434759022, +1
3.05148897205, 1.4567993684, -1
2.35565564012, 2.09923789012, -1
1.804244395, 4.45955221857, +1
1.59369645304, 5.54611659328, +1
7.46040082235, 2.20681861568, -1
4.51935107681, 0.403179687216, -1
2.38135159376, 0.108727285939, -1
9.77081024087, 9.62947594671, -1
1.00354025014, 7.82145890837, +1
0.934570245043, 8.24454071987, +1
3.9336022255, 6.01917575823, +1
0.441755368044, 8.74917064495, +1
4.5315570821, 8.64131912914, +1
4.69899538086, 0.530468956294, -1
0.753740423557, 7.90042368616, +1
5.59586520882, 4.18356992948, -1
1.37097434637, 0.392994924435, -1
9.87225810558, 6.73272975409, -1
2.34066170257, 3.48381994997, +1
3.00102982104, 0.974261898831, -1
2.21656845844, 1.24956084771, -1
0.978379539566, 1.59325846855, +1
6.24813843983, 8.64000923083, +1
3.52614911458, 2.07284510097, -1
5.84901481891, 3.90189130376, -1
5.41724091297, 0.945276278578, -1
8.40191759666, 5.7178108946, -1
9.32838275797, 8.60187780838, -1
6.34270288267, 5.66416663571, -1
4.29972608647, 6.89253998277, +1
2.53809698383, 8.70062395637, +1
5.0851961583, 8.35185048003, +1
5.90344444846, 2.16682888948, -1
9.45673104006, 2.78439358104, -1
4.29182315451, 7.18261588554, +1
6.24365605679, 3.47667478306, -1
2.63864098585, 3.74730860466, +1
8.77962638532, 8.85341034972, +1
1.09261077863, 4.32436383177, +1
6.06259105587, 4.43192988827, -1
3.72567938939, 5.1757676853, +1
3.44575441235, 4.93891475209, +1
7.43207382165, 4.99695893313, -1
4.9103466867, 4.13030096488, -1
9.94568976764, 5.09436473169, -1
2.49328642703, 5.25350129909, +1
6.26701314251, 9.76550114798, +1
8.1489572076, 4.57981483589, -1
0.514950365448, 4.99720291118, +1
2.64748487372, 4.64526975737, +1
1.57052391247, 2.78553231964, +1
8.98732103126, 2.31846190406, -1
2.93134909366, 0.0764312495957, -1
8.54523352334, 5.3643089435, -1
2.5255685802, 7.95861392247, +1
8.12979671102, 7.44157754275, -1
0.759454313288, 3.01657714872, +1
6.40551866084, 8.77648565785, +1
9.9023950317, 1.89575056494, -1
5.25323621187, 0.106512806947, -1
3.83734173404, 4.57518610753, +1
2.52654379409, 9.01142330393, +1
1.6396531529, 4.89370631901, +1
9.11039282418, 0.153444579361, -1
9.57285238088, 6.87386356272, -1
5.1052768145, 9.15260634, +1
3.58388056542, 3.51462940839, -1
7.27336454969, 1.07860240678, -1
7.10068897753, 1.02236639438, -1
1.50360404921, 0.471781494875, -1
2.67300081618, 6.48928882191, +1
6.49015727241, 2.02818353666, -1
1.78494279338, 5.44092181531, +1
2.31129729272, 6.74153861792, +1
5.63825835454, 6.13831022893, +1
1.14647207228, 8.19350010563, +1
0.917998458581, 9.40070304895, +1
7.68631716621, 7.42143792277, -1
5.08632112366, 4.65598164517, +1
8.1084316356, 9.92654693259, +1
2.57783938401, 1.28090707693, -1
9.1585511423, 1.73225002084, -1
9.93724271948, 9.68699389022, -1
9.02528309611, 6.45192324763, -1
2.97767928984, 2.46669261516, -1
7.46072360013, 7.61110451186, +1
1.77960773716, 4.84639498758, +1
0.330328887474, 3.43309119145, +1
0.78020274731, 1.37012154497, +1
3.42585837467, 6.51076726983, +1
3.79500510707, 2.27712307323, -1
9.859938183, 0.437450361902, -1
0.940799734148, 1.24682764874, +1
8.65351136526, 0.846203678416, -1
9.95940185509, 6.33335787354, -1
4.03462543059, 1.99640026285, -1
6.56281339147, 1.03699288243, -1
2.02403773778, 9.2632531208, +1
1.42698394928, 5.98651253155, +1
4.71273035006, 8.49367007226, +1
5.49430628289, 1.39614799324, -1
1.98565119243, 8.78454603701, +1
1.62767495664, 9.39353397942, +1
8.27113977834, 9.42120665412, +1
6.93396071318, 6.6035386737, +1
1.28884718302, 7.37880704259, +1
1.81549197549, 6.11242524277, +1
8.4098178499, 9.07791846458, +1
7.53567556771, 5.75352141565, -1
9.37822147694, 5.74613082068, -1
9.14770031592, 0.457013605089, -1
1.65033164649, 5.98007740384, +1
6.13203705352, 6.67737772729, +1
5.80910869462, 6.75586816823, +1
2.27965650942, 9.19345614092, +1
4.3244236369, 9.40190152104, +1
9.49649903265, 5.32335403664, -1
8.86882594653, 8.13483561306, -1
7.40044530377, 3.51551910352, -1
1.97796237543, 5.23824671269, +1
9.06833137526, 3.78506452719, -1
2.0390352701, 7.87166843314, +1
1.31920276274, 4.9520378593, +1
3.2541182272, 4.73184282148, +1
7.9372317586, 3.12361858613, -1
8.54990616229, 1.64620427652, -1
1.40054643009, 6.21289956258, +1
0.219760939116, 9.20913175709, +1
4.79161552399, 2.16647358559, -1
0.0650573406028, 2.94842979018, +1
4.25304143669, 6.40296986339, +1
1.00797771859, 2.5790574962, +1
7.7951592482, 0.51474686883, -1
1.91451723351, 0.683174325607, -1
8.45847982737, 1.87228832552, -1
5.00210293375, 4.44495939443, +1
6.66312019151, 9.96945589353, +1
5.31601621364, 1.34732352489, -1
3.40109169394, 9.27690880043, +1
1.23423412943, 6.0851861722, +1
2.20679518098, 0.916528089097, -1
6.09951750598, 8.56895374641, +1
9.05098358357, 1.48122835714, -1
9.57172787915, 9.49547819043, +1
0.749034574403, 0.686506839873, -1
0.538895654647, 9.8479530618, +1
5.26808909081, 5.45853125432, +1
9.77036160879, 7.7150353686, -1
6.11730722746, 1.75921366176, -1
8.37917304768, 7.63032012036, +1
5.45985419605, 5.69787563589, +1
3.12799297009, 2.09981881322, -1
0.59278818655, 5.17361482383, +1
8.94538366901, 9.84596608931, +1
2.81103950498, 8.951368153, +1
3.207550359, 2.35639795448, -1
6.1819284578, 6.45329729018, +1
5.53294855538, 5.16823922456, -1
2.82739583559, 6.36317431868, +1
6.65580128784, 9.92275007718, +1
0.968025338053, 2.89559177439, +1
6.29469667935, 8.42976050354, +1
