7.78546544469, 2.99891969113, -1
9.25423625317, 2.52271852714, -1
6.26752188861, 0.360755232306, -1
0.029000193109, 1.71937077448, +1
4.89478989407, 3.6949408278, -1
5.22698223094, 5.8974425023, +1
5.612507973, 4.52166923528, -1
6.15429807593, 0.0191717966088, -1
9.93319072234, 9.5570166011, -1
5.76362066677, 4.26339391701, -1
5.73659488663, 0.654949817311, -1
5.54001160676, 5.54167591327, +1
1.41386332593, 5.36135826643, -1
3.23911365655, 5.40441153414, -1
7.42384705974, 4.60494342005, -1
2.59685126995, 5.6796545186, -1
0.55896637368, 8.86221633764, -1
9.88423730405, 7.62237897631, -1
8.86369044949, 8.09090082, -1
3.63402616022, 3.01534112114, +1
9.67534566655, 7.76935892726, -1
1.67315547745, 8.1194338371, -1
1.46142227965, 2.61527214705, +1
6.94409432143, 5.50426892055, +1
7.55076722556, 5.94340732684, -1
1.95753065764, 3.19503936396, +1
0.785543943678, 2.62555151731, +1
4.89102838967, 8.61140608726, -1
5.17495034536, 8.95116454082, -1
9.86020012415, 9.34934683306, -1
9.90583978359, 4.96392290433, -1
7.74925169205, 7.92486808494, -1
8.75734198865, 3.17537005791, -1
3.0903087223, 1.0189268185, +1
0.680241342688, 3.2597953587, +1
4.85162464367, 2.64207860317, -1
9.52412180817, 0.522602185717, -1
8.61453162264, 9.66844973294, -1
1.2080043634, 8.2977708686, -1
2.6589975283, 2.01352218668, +1
9.76321232083, 5.49720184924, -1
4.04780768993, 7.26764159478, -1
9.91356545237, 5.39421596203, -1
2.57356818993, 9.77712702053, -1
2.72652660765, 5.8891068757, -1
3.67259232098, 7.80175976725, -1
2.872291182, 6.18093651671, -1
1.51721638822, 9.38101581377, -1
3.73158244978, 9.89023304619, -1
1.77559848112, 6.72186622571, -1
4.92071248793, 9.85910753332, -1
3.6243542169, 2.94530627255, +1
2.04203189838, 4.73230926041, -1
0.739795256934, 9.54622561872, -1
1.52919571343, 7.63631024535, -1
0.109225646285, 9.6556637396, -1
9.2246345989, 8.70130005207, -1
0.463846778684, 1.687087655, +1
0.912282294962, 4.38900478414, -1
6.30849410628, 3.46050036689, -1
0.165448981197, 7.30552294855, -1
8.1084009924, 0.0632968645328, -1
8.8566896896, 2.80677983257, -1
4.98924436255, 4.58995246248, -1
4.80326609366, 2.39794367692, -1
1.8607820933, 1.54556985169, +1
7.52142581534, 3.32600498175, -1
1.92037739647, 4.45277912046, -1
5.13095889278, 7.46634730176, -1
6.55651249774, 2.27418326638, -1
8.74345150173, 5.08463124883, -1
2.88660213488, 0.429869718529, +1
5.6328582611, 6.83549499738, +1
6.26341084864, 3.58423321074, -1
2.73568196307, 1.28588624827, +1
4.32371089016, 2.04189896433, -1
9.25729098005, 4.77216689983, -1
3.52969568761, 3.17162096196, +1
9.65610407307, 7.98006836547, -1
1.47945962385, 0.101226902593, +1
3.51735383943, 0.3623587677, -1
2.01431282244, 5.4619493125, -1
5.93464373576, 3.05816370618, -1
0.889526420458, 1.02569551015, +1
5.98894701037, 4.9129589242, +1
0.882827956613, 2.63627736075, +1
5.19713013404, 3.32189850085, -1
9.00438791069, 0.135623320978, -1
7.82413773752, 3.26133455156, -1
5.57603478714, 5.15284574522, +1
4.24124312781, 8.62240206467, -1
3.87505664633, 2.39590878815, +1
2.43872961177, 6.0805609372, -1
0.162864963528, 2.92303393646, -1
8.44139206414, 2.42260654786, -1
2.95597020058, 3.71855445444, +1
8.42536993103, 7.60505041491, -1
7.29003593667, 2.74943220435, -1
5.37386488542, 2.15863412094, -1
5.86937645299, 3.75468214116, -1
5.21969503603, 1.74541448379, -1
4.54940733659, 8.89402271716, -1
2.59376299066, 8.09835450199, -1
7.96958462184, 6.92203086011, -1
2.59470476601, 3.42603183846, +1
4.95578251146, 7.59815481861, -1
5.5810321938, 5.20881706839, +1
1.0086669737, 7.01916309555, -1
8.09179008213, 2.736753408, -1
5.23996277711, 5.97371155858, +1
4.48687402428, 2.03601781338, -1
0.900382382212, 5.21470464161, -1
4.60419302007, 1.95536360985, -1
1.4384538879, 7.7215572407, -1
0.891494229645, 4.13847437913, -1
5.80792734965, 2.81289354779, -1
6.49052150331, 1.80626765424, -1
1.81041946209, 5.98070784149, -1
0.366827096459, 0.167251596064, -1
3.72718014149, 2.68328874773, +1
2.80608906856, 7.63505852776, -1
4.71062682049, 2.82373308079, -1
0.196104298879, 1.7174676294, +1
1.31681971246, 7.32230643614, -1
5.04971141177, 2.49641860312, -1
6.97658112544, 1.44379801206, -1
5.92585572554, 1.16500004245, -1
6.20910597645, 6.57599604291, +1
3.83436272806, 9.09002554094, -1
7.75411219629, 3.43068320417, -1
5.06911155845, 7.17022561583, -1
2.40325595406, 4.41027628598, -1
5.14982699308, 5.13233877943, +1
0.620696502125, 7.61371267846, -1
9.35558733493, 2.52202406374, -1
3.95143388987, 1.31550492481, -1
3.38799290457, 9.00514039234, -1
3.11216007019, 9.50307626372, -1
7.51203999926, 2.39672770174, -1
5.41652674007, 8.85181939708, -1
3.99387247457, 7.36013685952, -1
1.6330849769, 9.32512094771, -1
8.26255019805, 9.27532159405, -1
4.60781825065, 1.59907950932, -1
7.77546107877, 7.15468173977, -1
9.40923703863, 7.46137883327, -1
4.3470629095, 8.41893450985, -1
2.63841972201, 6.23450558305, -1
3.21882415658, 0.386222726137, -1
0.891799360735, 5.45595362772, -1
3.23383750959, 8.80715462178, -1
5.77913351255, 1.62253003347, -1
3.61489413082, 3.88526302209, -1
7.11040095071, 1.8597291699, -1
1.22079471843, 5.10625243257, -1
1.89433665607, 6.56515139205, -1
9.57369644513, 3.82433796174, -1
5.41746781937, 0.982756909604, -1
5.58934382428, 1.60649308657, -1
5.20380957359, 3.6939354421, -1
4.61301046235, 4.43847952918, -1
4.91734507617, 8.32947850054, -1
5.83783421048, 7.27898600618, +1
1.76328154676, 5.89580658219, -1
1.64971301862, 3.38622701354, +1
6.4044341561, 6.98039630532, +1
8.17738094612, 4.70865252773, -1
5.12194934238, 0.915712401156, -1
3.64370893383, 8.63107258301, -1
8.14682020465, 9.22462778944, -1
1.6902790487, 9.83804372096, -1
5.61825326871, 3.79960071542, -1
1.20023072781, 8.57154027282, -1
0.589604583136, 4.71528755657, -1
8.38463638901, 4.95949085233, -1
3.4100772796, 6.30946193232, -1
8.98216671749, 2.65367767893, -1
8.78192327606, 2.81569723415, -1
3.8327114914, 3.84003185262, -1
1.33433745783, 1.70260609131, +1
7.51557316187, 3.58259725683, -1
8.96918880489, 2.61744329838, -1
0.682597265519, 6.85125371792, -1
4.91559194695, 0.269820814518, -1
7.50475620343, 0.261209213133, -1
6.2916187999, 1.94994822377, -1
4.31106498755, 4.98453957248, -1
0.575278674768, 5.84252437505, -1
4.79742250871, 6.57081959617, +1
4.05490995735, 0.33520614048, -1
7.44456635402, 9.90380849783, -1
3.21198644978, 4.79102111853, -1
3.46999809618, 7.66383835399, -1
8.76340768867, 1.21494997926, -1
6.83365807271, 3.18315580973, -1
8.67426929144, 3.46190518046, -1
3.48369578363, 5.86051973189, -1
5.67423294597, 3.41358310163, -1
3.54400855357, 2.32300207965, +1
6.33154013491, 5.04191320095, +1
3.53573734405, 5.07274960259, -1
9.32880719896, 3.99505110018, -1
5.39306246389, 7.9010767632, -1
8.45791583694, 8.86581038558, -1
4.80998095374, 1.95762134158, -1
0.679804741159, 8.06339425939, -1
3.75139686402, 5.37014565368, -1
7.91726285958, 0.918171807914, -1
9.51735208283, 0.646713720252, -1
0.661108261193, 0.608783627721, +1
6.83908393718, 7.65292806663, -1
3.91721752767, 2.2572099872, +1
8.70014659187, 8.6294407988, -1
0.671915313087, 6.87128399908, -1
9.81243855276, 0.583986429882, -1
4.00722392493, 2.9799212808, -1
7.30616196641, 6.80504594674, -1
3.58752901385, 6.49295302854, -1
5.94908914798, 9.7035829069, -1
3.01273984289, 8.46150789376, -1
9.71356149556, 1.92837101771, -1
5.32311842115, 9.56696483891, -1
8.42749953478, 7.71048756458, -1
6.73681827329, 6.07436938902, +1
1.18578811792, 2.51800510859, +1
1.53735141675, 2.38519087215, +1
0.485690435868, 7.86985623119, -1
5.86953850064, 7.07033914336, +1
9.57006467381, 2.5960861173, -1
1.3647736963, 5.40922735518, -1
1.53645665313, 7.57141392664, -1
0.248857101037, 8.20372478181, -1
9.2687407112, 6.06153068026, -1
5.3163830103, 9.2173265116, -1
0.886039068499, 7.73928146742, -1
9.41508664611, 0.104664748146, -1
1.42755268788, 2.45305913161, +1
4.41103357016, 4.3760293349, -1
0.0217617240645, 9.62337979557, -1
3.92848441097, 0.87386693412, -1
5.41543661298, 6.62953634459, +1
2.49969933288, 7.14590998904, -1
8.62107308843, 6.70414052892, -1
3.22292626756, 9.66642908942, -1
6.75354620802, 1.54575620301, -1
6.26615689967, 6.81240884001, +1
6.97270618238, 6.16970288249, +1
5.02096707671, 9.0699772263, -1
3.28957183052, 7.48349157482, -1
9.44166759326, 0.18080437342, -1
6.56468753462, 2.20192394283, -1
7.60726399145, 7.30179846388, -1
1.15480797903, 7.65291286819, -1
8.6997451712, 9.55569302046, -1
2.95447390661, 2.12323668949, +1
5.17013956658, 1.00405579129, -1
4.73528616778, 1.20712543074, -1
1.84070819631, 1.18484325976, +1
9.88648470105, 3.24711170596, -1
1.99856518171, 4.23327790273, -1
7.96121002073, 9.79422734237, -1
1.30286754416, 0.452987574018, +1
0.720225733413, 3.29331816028, +1
7.16709052257, 8.07132862394, -1
5.67968087585, 4.52015578021, -1
0.285124092824, 8.40925513519, -1
3.77882852392, 1.69937512311, +1
9.17254484277, 0.332637191423, -1
4.58555401447, 5.48505415686, -1
3.23501142728, 1.5458892284, +1
4.74451299382, 8.68523663625, -1
0.762844083652, 6.16384849221, -1
2.98177010897, 5.30223523493, -1
2.40504985721, 5.66724872468, -1
3.87466482354, 0.216507051216, -1
0.013103293185, 8.96435796966, -1
4.89654300427, 3.53332529619, -1
5.1558793206, 9.31792578074, -1
0.794646007711, 3.08444279524, +1
4.18481535857, 2.10447956689, -1
3.1089241364, 0.091599892209, -1
4.50408325753, 5.37015312527, -1
0.125991297011, 8.77469379682, -1
1.27701559669, 4.14555800496, -1
9.03566483931, 9.66790332824, -1
7.70366947606, 6.01256717496, -1
6.05644987374, 5.19966983763, +1
5.98520247555, 3.6540983548, -1
4.32992677301, 5.50237899475, -1
4.83995575515, 2.71697148304, -1
0.483055509197, 9.83937695244, -1
0.789078741296, 8.36030031372, -1
7.54795137122, 5.21892778754, -1
8.48536125334, 9.05091080468, -1
0.106655682517, 1.56881861924, +1
3.47076388155, 1.163992289, +1
3.40933782115, 1.86801580596, +1
2.04088403425, 5.97479563872, -1
7.17545448734, 9.91787475917, -1
5.51212076536, 9.17620629658, -1
3.41314938257, 0.493718330426, -1
3.7896705218, 8.86919674187, -1
9.23031519466, 3.39803485528, -1
1.3353232668, 1.10575832395, +1
6.72231024944, 5.62063268029, +1
9.33880763224, 4.58965884936, -1
8.53705806102, 6.64747916903, -1
6.0697110125, 4.85331380805, +1
6.38229590234, 7.27242188354, +1
9.3568854835, 6.47047133999, -1
9.43906949209, 2.78978343044, -1
5.06575589609, 7.39532449931, -1
9.74218040836, 0.929602687565, -1
1.56390591212, 0.57010877287, +1
1.89227692137, 0.253284241305, +1
5.66953329673, 9.08080997108, -1
0.5297000978, 4.2636897619, -1
1.06343686536, 1.24852318623, +1
0.523801709245, 2.52151838114, +1
8.51915010092, 5.09053483959, -1
8.86077030856, 0.0997305309426, -1
2.14357950304, 4.55396591276, -1
6.74409307843, 2.72964828292, -1
0.258496223999, 0.698851138244, -1
9.07354859022, 7.42093457135, -1
6.36291436785, 6.45566073032, +1
9.8238358774, 7.1808043782, -1
7.9466368778, 9.42080712484, -1
5.62940702245, 0.226649948525, -1
1.99811452002, 0.167149583021, +1
3.1891898157, 1.7706410553, +1
5.18991644775, 1.38835027348, -1
6.3267593924, 7.56754954124, -1
2.52539297307, 5.20050648786, -1
6.99228525896, 5.93181281914, +1
5.78380648901, 0.808660322588, -1
4.95770507855, 8.49058100628, -1
5.1597336957, 1.71834892687, -1
8.23990352312, 2.62524204502, -1
7.2831385731, 8.53967156607, -1
8.0002383812, 5.91483402889, -1
6.37448283875, 8.74386433695, -1
8.69508611733, 1.532285986, -1
9.86448786657, 7.11891130484, -1
6.33913351758, 7.78396522304, -1
3.79901324932, 9.18355952745, -1
7.42896921487, 9.43114930753, -1
2.5504279266, 0.403310198617, +1
2.96300481395, 3.36995532778, +1
6.02649897064, 4.14151806733, -1
0.495563233063, 4.0265816171, -1
0.538308174882, 4.71936045213, -1
5.27142770304, 3.2687443778, -1
1.68856943111, 6.10044941578, -1
3.876267136, 9.10613088854, -1
2.25098508192, 3.72371086706, +1
8.8475046034, 6.67624114512, -1
5.54659061677, 5.05611966233, +1
2.5012658075, 8.95480846679, -1
0.821022523359, 8.5518674091, -1
6.1703512503, 0.963836761395, -1
3.55535498414, 0.89618582397, +1
4.01683415208, 0.703911055781, -1
9.55854839944, 6.44551595477, -1
1.67322528877, 8.19614321956, -1
9.22419019192, 1.69291406065, -1
9.52272641601, 3.72956808697, -1
3.64863189535, 5.08836988569, -1
9.87767141199, 6.05970250075, -1
7.07282526991, 0.164550576477, -1
9.76461777688, 5.81453949103, -1
2.81974112153, 8.33079214983, -1
6.46886614533, 8.72043571295, -1
7.4157288145, 4.87780995886, -1
4.97234892768, 6.52451321454, +1
5.88606229833, 1.34474043067, -1
4.66450977556, 0.830840304135, -1
1.87185285754, 1.57265474688, +1
7.69510284289, 5.95444147175, -1
9.73584288007, 2.06379614688, -1
7.42023059475, 1.90636057928, -1
9.26486208201, 6.75517932087, -1
1.90475669535, 1.34946222707, +1
5.30957266718, 2.32141567213, -1
5.83653845709, 3.53997866234, -1
8.21389138592, 2.99194470048, -1
3.60208574706, 7.37430350227, -1
0.0540816803022, 3.16448586079, -1
9.3337174312, 2.54077829992, -1
0.212385716976, 5.77865292667, -1
5.82169612483, 5.34765615581, +1
3.72233628582, 9.90828242199, -1
7.47930312124, 8.27400334317, -1
6.14818539673, 1.27443271343, -1
7.05848970912, 6.12195047637, +1
8.18676541435, 4.9404297541, -1
5.27681149709, 0.822173591426, -1
6.15817105176, 1.78137150863, -1
1.09476211412, 5.80655836318, -1
3.31734945079, 4.09984004385, -1
0.249151841049, 3.66135098917, -1
6.10882811466, 2.62184544626, -1
4.41111767989, 8.48400601366, -1
2.30091582828, 2.81706333594, +1
2.04376398062, 5.20060680525, -1
0.76812510857, 1.68227150259, +1
8.30692463131, 9.25400322356, -1
5.52234138145, 0.580663738886, -1
9.51255620222, 9.02984842928, -1
2.25124642019, 0.70117003253, +1
4.6740636271, 7.87963145009, -1
8.84025039864, 5.5363861028, -1
7.23042818316, 4.46918284922, -1
3.58046185736, 4.17181556835, -1
9.47312817348, 9.40530731544, -1
6.0106922167, 1.68546553084, -1
5.89937159195, 8.79407007191, -1
7.55200871715, 4.97101305561, -1
5.46478300286, 5.61590724088, +1
7.87862163161, 4.47223365471, -1
6.817131131, 2.74928917769, -1
5.31418162903, 6.45427186725, +1
6.16348323845, 2.85182422199, -1
5.81609232007, 6.44201585516, +1
1.91451447712, 2.14644036995, +1
4.95113031582, 1.11358768208, -1
9.97194542607, 8.19319952527, -1
2.65053691746, 3.60181501559, +1
2.41499393742, 3.68858726327, +1
0.432309665882, 7.40772957071, -1
0.195628132654, 5.34471142785, -1
7.1990066224, 2.67111527621, -1
8.37906201134, 3.53456874461, -1
3.45311335311, 7.6667490837, -1
9.05090053141, 0.319149586626, -1
5.28361868977, 4.60566095345, -1
2.3794268175, 4.26394196417, -1
0.556063950772, 0.399255390038, -1
2.4492908343, 0.711669204651, +1
4.55529377086, 4.23668420654, -1
3.93277944641, 8.32558887556, -1
9.08590021649, 5.04813436997, -1
5.79796366127, 5.61135127298, +1
5.8876748062, 7.03540182108, +1
6.11795770887, 0.924629956844, -1
6.38381103581, 2.19574815113, -1
5.91155402738, 6.32567571424, +1
2.42695645875, 0.866375177956, +1
4.26295832702, 1.10487761338, -1
0.724855917199, 5.10424990194, -1
7.78808424679, 7.53833930267, -1
3.62718757838, 5.91260752673, -1
9.1016367295, 1.18759834159, -1
3.30801700531, 1.35791944217, +1
3.59528090365, 5.75638901514, -1
0.135063649207, 9.23544089701, -1
8.63039370984, 1.47149493996, -1
2.42680807216, 8.04716991218, -1
3.32821993137, 6.00125676703, -1
7.42641245379, 1.62306586006, -1
2.755909299, 8.70300103734, -1
1.95102514378, 8.85299476989, -1
3.01342486564, 8.0542908448, -1
7.42515545405, 8.83837905466, -1
7.18200302614, 7.12060260008, -1
7.76629956069, 7.24541651799, -1
1.6225425083, 9.6522152333, -1
0.464969170746, 9.32864837182, -1
3.56898693056, 2.44218993168, +1
7.75994924888, 0.128890635115, -1
3.00323550099, 5.44458432323, -1
8.76383506749, 4.04632522315, -1
8.08076272445, 7.11900380614, -1
6.088421973, 5.97189201303, +1
0.281007708842, 8.27504659514, -1
4.46260270326, 2.204450252, -1
3.59090165045, 2.71298049103, +1
6.24621282787, 2.74321305163, -1
2.57748145141, 0.434769096453, +1
5.28750854755, 9.21012412018, -1
4.60265112527, 9.00085304807, -1
0.941474238345, 2.15173511748, +1
3.52987131538, 3.72802423246, -1
3.33584416769, 5.50116375955, -1
3.22380091905, 3.66832567855, -1
5.94298993568, 0.259922545755, -1
4.77854315014, 3.90981713637, -1
7.38288453702, 2.60816232728, -1
3.4956517842, 4.56758968134, -1
5.39537115398, 3.6666095397, -1
4.67911107184, 9.60560728942, -1
2.18173212066, 2.80666376639, +1
4.2414564622, 4.21817500662, -1
9.81263636163, 3.01844500164, -1
6.92959613081, 4.27047470033, -1
1.04016147694, 6.28320531093, -1
5.61022371282, 6.09742067169, +1
2.07596411404, 8.7414020294, -1
6.77651202593, 5.34041811076, +1
5.31673526642, 8.16766721771, -1
3.2612101948, 3.50055516303, +1
5.12452005382, 5.4530200055, +1
7.94613657063, 6.75088980835, -1
1.2236029108, 6.55747822622, -1
5.20745813681, 1.10671041828, -1
3.71983456548, 4.75906380366, -1
0.130406993519, 9.05669233261, -1
3.89302333242, 9.51777359232, -1
4.53479120493, 8.35813775554, -1
2.54847853292, 6.0394095173, -1
9.21409616774, 7.99430723362, -1
1.54122209627, 2.02645013532, +1
3.31261170545, 4.0984779308, -1
0.516724397953, 2.89249933809, +1
7.64307123972, 0.676110208801, -1
4.70288549177, 8.83689807307, -1
0.490467706826, 6.07293745287, -1
2.20348936637, 6.17128949283, -1
0.0932824379659, 3.50108900255, -1
4.7232661981, 9.54714268493, -1
1.4609921786, 5.61428125316, -1
9.55999421918, 0.656743636087, -1
0.840552534012, 3.11553731857, +1
5.76484688125, 1.57243930881, -1
5.33478105229, 0.423817082099, -1
8.36388571056, 6.70535067634, -1
8.27305926286, 5.36644584202, -1
8.29587757438, 3.49881814472, -1
5.1698790437, 9.36789536547, -1
5.49633596447, 4.71371719806, +1
7.56090396474, 2.5402879394, -1
0.46147609807, 3.29762814026, -1
3.5945797146, 2.85803848903, +1
8.77484706047, 6.88903621176, -1
2.19405901999, 1.20933991961, +1
0.146952003782, 9.43050731532, -1
2.05253311677, 7.83789123446, -1
3.33266137547, 0.882520925865, +1
2.0520236422, 9.76786149578, -1
8.10935536209, 5.82433419942, -1
3.85394660518, 4.71648441305, -1
7.11270279062, 1.5882144031, -1
6.18714822631, 5.43720118985, +1
9.82147005781, 8.16739515638, -1
9.96382017231, 7.02852108669, -1
7.60432319175, 4.04409759246, -1
2.20487659542, 9.54584966769, -1
2.0984675068, 8.97591584226, -1
1.89772297231, 7.92173776826, -1
6.3747487736, 3.4122352674, -1
2.93209337418, 0.376689774171, +1
7.88279112055, 0.928861254892, -1
4.40864519337, 7.75539261617, -1
4.9534057495, 9.57815700862, -1
4.16037321667, 9.83694735526, -1
0.30127616708, 1.36673857775, +1
4.69347491378, 1.5985318706, -1
8.9711731978, 1.61756972694, -1
5.57602661495, 6.22837764838, +1
5.36950437815, 6.3588947819, +1
2.62665280767, 4.83598550726, -1
9.86491640103, 3.76449903903, -1
8.55524491018, 0.936706164103, -1
6.1686929472, 1.74184820025, -1
9.20492529627, 6.52229323683, -1
2.04937350648, 9.87221974167, -1
4.64581758605, 6.13330512521, +1
9.78071605402, 1.50212413695, -1
0.261433469262, 5.07275763236, -1
1.6199220386, 7.06216257657, -1
4.16934049528, 6.64252999726, -1
2.4328670905, 3.24935899038, +1
7.67253913636, 5.10920461043, -1
9.66794019169, 5.68856770016, -1
5.8612253401, 3.9349307672, -1
8.38867921463, 3.93681738512, -1
7.19585734526, 6.47801723774, +1
9.57873995652, 7.92177591418, -1
9.00234508119, 4.25558864482, -1
8.7294819542, 9.41380902497, -1
4.01875250857, 1.24858435951, -1
8.01181237526, 0.214078343013, -1
2.71754988977, 5.39145382726, -1
5.66764681915, 4.35726168314, -1
2.59279346273, 8.37082998842, -1
5.98238826628, 6.68976890449, +1
8.45263428084, 9.50791298793, -1
4.34015118828, 7.1281755848, -1
8.81056750507, 6.52522590288, -1
5.29059596501, 6.02998437996, +1
6.15308561952, 4.80497581364, +1
7.98428589625, 6.1709892847, -1
9.71687746632, 8.02030456213, -1
8.92392575651, 5.31052852523, -1
1.02714563719, 0.823573093705, +1
9.87558016501, 9.31551791622, -1
4.96311546899, 5.80985206914, +1
8.71983883616, 7.789493592, -1
2.35481102578, 8.62590376619, -1
6.99027610425, 9.67799019425, -1
1.64624072002, 4.71359136468, -1
8.94958768908, 7.30528659667, -1
4.60809375458, 4.19781886415, -1
0.29769886109, 0.182207438433, -1
2.71031610477, 6.44344356699, -1
0.358560382618, 0.932200934981, +1
0.834065063492, 5.7333342503, -1
3.95752318865, 7.9493126096, -1
4.3302842124, 0.464810136247, -1
9.09876357957, 5.04138498511, -1
6.5925052454, 6.83755138493, +1
5.43033011492, 4.62584761123, -1
1.75086793909, 0.537691598945, +1
8.7411791105, 7.83851495782, -1
6.94265892908, 0.253000164573, -1
9.84606318786, 1.74890319062, -1
5.93308328085, 4.81284408871, +1
3.86236732105, 5.98646875007, -1
7.54295744338, 0.670108651999, -1
1.31509195473, 4.1389153636, -1
0.774090657636, 9.33303138872, -1
5.58867986893, 7.95906584215, -1
0.382401130001, 2.58812159555, +1
5.39057072359, 8.81211200564, -1
8.23771228059, 5.95002742196, -1
4.04110641956, 2.60195122055, -1
1.69403684034, 5.75683909107, -1
3.88351159113, 7.5354042532, -1
9.83113197613, 9.17353842674, -1
0.985719229548, 2.47241965863, +1
2.00209771243, 5.09043653544, -1
7.73003489605, 0.92072588776, -1
5.99973163602, 0.520496386201, -1
3.60501774616, 7.54900579345, -1
8.60987251761, 0.280130825939, -1
1.16354856592, 6.93187116088, -1
4.32450211843, 3.21554206478, -1
9.86552993133, 1.46974933272, -1
3.79654815541, 2.58231717016, +1
9.13760228526, 2.08028085403, -1
1.86167529123, 2.95596599753, +1
9.01086722944, 9.0561456694, -1
0.545270922516, 1.2697889497, +1
8.90153975356, 0.913496109077, -1
4.82380999492, 8.85985111678, -1
1.27576263849, 7.15597595666, -1
4.72387795945, 8.07334220168, -1
9.00695632203, 9.9293726024, -1
2.43276420744, 6.0255891329, -1
1.74108288979, 7.92102674087, -1
1.81043557862, 0.600861857679, +1
6.32831881836, 4.66646823795, +1
0.0354878877112, 3.7199230867, -1
6.04726237895, 5.53844744257, +1
6.91007604722, 0.458257993672, -1
4.89219015782, 0.806024608893, -1
7.62881412718, 8.83110765846, -1
2.45331876684, 1.05035558203, +1
5.54501858719, 1.43326732351, -1
9.63839905795, 5.31075902611, -1
6.90468880741, 1.3925573535, -1
8.78434595629, 1.96361961893, -1
5.95040187431, 2.0979583322, -1
7.76814111917, 1.72145452817, -1
1.43051803508, 4.72661989021, -1
3.97809902134, 3.81479061222, -1
0.811212028823, 4.26175979028, -1
9.68486646363, 4.50685001669, -1
6.99041644866, 7.85912349734, -1
7.27252026725, 1.17570188642, -1
7.79682972553, 0.603486602311, -1
8.85848234467, 9.66524070975, -1
2.6219414443, 2.08214657485, +1
0.66110703191, 6.34183214848, -1
9.74236312662, 1.2181647724, -1
8.41598423389, 0.953834340457, -1
3.64145609972, 9.46794974225, -1
7.37333522108, 3.34973655891, -1
3.27980173532, 8.69931759546, -1
0.42500941366, 5.55338165365, -1
6.88810378004, 4.21555509681, -1
0.371233771098, 9.09159995604, -1
6.48898748634, 0.772190697032, -1
7.05245079022, 1.5212464592, -1
5.11048522217, 0.233136622581, -1
8.68274799675, 9.23068548902, -1
0.348568397087, 5.12574208884, -1
0.483442986965, 9.69120615382, -1
8.02298026446, 3.10453301157, -1
8.03782018309, 1.26119883597, -1
8.38968011522, 8.91821763297, -1
4.82162283383, 9.31302696166, -1
0.150540341621, 4.28633263764, -1
7.0154147185, 2.17888405418, -1
7.2529518046, 6.04084223185, +1
7.3047333375, 5.68413480404, +1
9.34189655606, 2.95638957996, -1
5.2345121412, 1.26385940162, -1
1.62794338273, 7.5225032506, -1
1.72665071182, 9.3431636536, -1
5.49362955094, 0.262309559323, -1
2.04373792881, 2.66253433401, +1
0.207016961661, 4.66144753854, -1
7.86904589413, 8.91338923106, -1
4.80302969918, 1.62923613798, -1
4.44651632113, 9.78300669111, -1
1.02214303222, 8.31324352206, -1
1.49288505323, 9.9214947777, -1
0.967998403839, 5.08208228507, -1
6.10574663311, 8.28222862879, -1
1.66282108669, 5.59903051074, -1
2.80059499571, 7.79119680973, -1
4.28354188631, 6.27705988597, -1
4.67881958259, 5.09672411442, -1
7.18584862644, 9.41691460843, -1
2.80936837865, 1.52487094037, +1
0.249934326123, 4.21075280583, -1
5.23356278721, 7.52434875213, -1
1.08851159269, 1.45400058717, +1
1.49481135238, 4.75872352945, -1
2.01638509905, 1.33731010708, +1
4.33563459511, 9.880552015, -1
6.63469700224, 1.91159065887, -1
4.07299368078, 0.97428361256, -1
2.97138177489, 3.1997840987, +1
8.15271646128, 1.04770743123, -1
3.61050226827, 2.04728295967, +1
5.1618314882, 4.59545532193, -1
0.0356430803475, 8.8983883446, -1
0.14738100381, 5.82754998195, -1
3.2577938608, 2.31683097944, +1
1.78582071532, 6.25594839518, -1
6.69706729296, 9.42693561047, -1
0.124406959145, 2.6565432264, +1
3.03223404459, 9.12220750638, -1
1.92239921304, 8.64069798701, -1
5.87700758573, 5.27242526536, +1
0.248626895221, 0.484104037856, -1
9.39963111918, 8.91544614101, -1
2.90184739627, 4.56956179336, -1
9.76136170549, 4.90609598088, -1
1.59079151315, 1.65426353452, +1
6.3676319246, 5.26104636665, +1
3.64516957341, 9.19806065349, -1
9.9076777752, 4.96267596191, -1
2.43134967569, 0.609287290375, +1
7.43738451045, 4.55466060253, -1
5.75904570824, 3.0540387517, -1
5.5090644867, 2.1143348229, -1
4.43060697925, 8.32130620958, -1
7.721553674, 9.92066193295, -1
5.45289652595, 5.73142476018, +1
5.73261707166, 0.794385102168, -1
0.377637547915, 6.98026320232, -1
2.63174229025, 3.056656419, +1
4.75534949735, 9.70297090499, -1
8.28204137586, 1.07424083396, -1
6.32389574131, 3.84323400028, -1
7.58062950741, 9.02875900153, -1
1.13800574781, 0.663232988691, +1
9.28785608585, 2.08110722631, -1
4.28212349256, 0.547377335155, -1
4.10502698291, 3.68820788208, -1
8.51635247082, 8.04954971776, -1
7.93756332139, 1.92045790217, -1
0.966836958187, 3.76079091338, -1
7.1032403654, 3.05410757499, -1
3.23497968644, 4.42692708513, -1
2.04420752665, 6.5674527614, -1
2.55145305904, 7.55670600139, -1
6.74018373157, 2.12814606391, -1
0.642047517425, 5.97737029266, -1
5.31343166128, 5.60782553942, +1
7.84703220562, 0.140068542564, -1
3.37372091432, 7.56083399101, -1
1.57120053285, 9.67957865282, -1
1.56752550311, 6.79091786, -1
7.65132113349, 3.44832893894, -1
2.71074718847, 1.20300997727, +1
8.01848446816, 4.42355296984, -1
5.53115382749, 5.14272839767, +1
0.956699614916, 8.32625705576, -1
9.35809048945, 3.24709992209, -1
2.74529916257, 9.91440422484, -1
6.83343689663, 0.904368460687, -1
5.07323512107, 9.63356469371, -1
1.58133297562, 2.15977094736, +1
5.32779554952, 7.32081224209, -1
9.04994463648, 0.463042870864, -1
0.470161105046, 8.88768363043, -1
6.86385301258, 0.898091931936, -1
6.37788811266, 4.21139004807, -1
8.07459815964, 1.26947374214, -1
8.3208550992, 7.85233123708, -1
4.73366721607, 5.72694910686, +1
8.18101855835, 9.04130371361, -1
1.08900024143, 0.0438311631495, -1
6.62184955871, 3.54100656806, -1
4.02753757893, 8.61175164466, -1
3.49427950061, 4.83348969271, -1
2.94101059322, 7.63352006327, -1
5.2840844225, 5.71840726826, +1
2.75055977393, 1.53981043494, +1
6.10264475613, 1.16959670085, -1
7.78169455642, 8.57904764807, -1
8.04541100517, 3.58766724708, -1
9.99933305303, 0.758691661176, -1
7.49035997843, 2.73848301842, -1
2.66871464489, 0.480899210225, +1
7.25338638394, 7.20847362648, -1
2.70308009769, 8.95778280472, -1
4.02641670954, 5.82899267146, -1
1.19441479203, 6.89058325152, -1
8.87110352151, 2.09429009406, -1
8.30424445966, 5.4526888087, -1
7.65693397439, 1.8493817293, -1
3.60299203657, 7.55718592871, -1
2.78585217343, 9.48138739578, -1
2.2945168412, 3.12307545033, +1
0.99916587346, 7.96105137138, -1
5.66338993743, 2.25235731203, -1
6.32579107613, 4.06859281475, -1
1.36166489752, 6.47004788264, -1
5.39365106554, 9.41436901324, -1
9.83556219505, 6.93614656821, -1
4.38373837629, 7.59871431666, -1
0.1107585314, 0.924931689102, -1
5.46336802675, 3.11067960123, -1
8.51457671939, 9.26026993339, -1
1.55478209756, 6.21607725912, -1
1.7300322852, 1.42584885466, +1
1.88019226019, 9.28187035956, -1
3.26040268531, 1.73740723677, +1
6.87707549988, 0.91762164198, -1
3.82779836082, 3.79289263934, -1
8.1981283921, 3.89443875528, -1
9.7648004263, 1.60925951348, -1
2.65620316282, 8.55027639745, -1
6.09178290214, 3.65748096136, -1
5.48568122266, 4.31647760668, -1
3.89440028814, 3.09750885797, -1
4.30875087809, 1.70448163296, -1
5.14615557602, 1.31001194433, -1
9.26303464157, 6.67240785503, -1
0.602599145603, 8.82089830624, -1
3.9932408345, 4.09281470848, -1
9.75335593432, 1.82851859447, -1
3.04085394211, 1.44571153646, +1
0.623699498425, 9.75480952879, -1
6.86310802904, 1.28984044094, -1
7.75261893645, 2.15782329411, -1
0.681876234189, 7.54049734704, -1
9.56816825035, 3.79292882066, -1
4.28222245839, 5.83633514794, -1
4.71298995835, 5.86267384844, +1
8.14700412364, 4.15633268025, -1
0.807307846248, 8.72839216182, -1
1.61906469305, 7.35272770615, -1
5.88756458955, 9.3409682193, -1
6.48811861402, 4.36263962385, -1
2.17603384063, 9.24078156564, -1
1.86621454974, 8.83831057758, -1
6.69901841541, 2.98644025522, -1
2.84321165375, 1.68962690456, +1
4.49121434704, 1.06847845024, -1
5.64448658913, 5.32641544863, +1
5.26654272485, 5.95014443409, +1
9.52918257003, 2.50170520713, -1
2.63290928678, 9.72780559164, -1
9.01887716719, 6.59599634027, -1
5.40945783243, 4.83479444798, +1
3.26073365566, 4.82697206141, -1
7.64127245757, 9.7287777365, -1
5.71775533113, 7.43324616854, -1
7.2598390674, 4.81621391457, -1
8.09752291177, 6.88409977172, -1
0.71861063595, 5.9089932403, -1
9.20256831813, 9.06057223333, -1
5.05977542571, 6.47503798087, +1
0.584737139608, 2.0463747504, +1
0.59435512159, 9.07854655434, -1
2.0537622973, 2.70103120641, +1
1.4773210879, 3.90464847514, +1
5.88794197324, 7.634881039, -1
0.148680791428, 8.90983309322, -1
6.53943360302, 5.0676397675, +1
5.56999337403, 4.67161952222, +1
0.224199283687, 5.22122425979, -1
4.35235239782, 1.95142070255, -1
7.31712967216, 6.46274838247, +1
3.15604153199, 0.388828080277, +1
6.61347779917, 8.54706086867, -1
4.85012108935, 6.72029472203, +1
2.45388701926, 5.31110711947, -1
9.88179824098, 9.87548751235, -1
6.15666317939, 0.653804469391, -1
9.50228344267, 5.80368202452, -1
8.79901025857, 7.28357106613, -1
5.13472971441, 2.05280600288, -1
2.85180822671, 2.10595252158, +1
1.24087104232, 1.63473414247, +1
6.57748265541, 4.10353868002, -1
5.93426237027, 1.65223295931, -1
2.60151678186, 7.03453213187, -1
3.16302951956, 2.36959343804, +1
6.348634011, 6.65967090264, +1
0.0961021255909, 2.34373329558, +1
1.54066023344, 1.11437055051, +1
8.07054612863, 8.41857873618, -1
8.48614310512, 3.39318889422, -1
4.07621967295, 4.46215443283, -1
1.34829620009, 2.27063470795, +1
8.93921121638, 7.17490774169, -1
5.56788769865, 7.54517979192, -1
0.446028166287, 8.75003343088, -1
5.22275891056, 3.06676027054, -1
4.89502050201, 2.2034522503, -1
0.167444252501, 1.99195356218, +1
2.55907966025, 3.69825318143, +1
5.06395875778, 6.32885001771, +1
3.05467150339, 8.47753625577, -1
3.67912520369, 2.66821773564, +1
5.28399330799, 3.8111856031, -1
7.73415151126, 3.63188051324, -1
9.93783277729, 9.88250343072, -1
7.31030535932, 9.09636639023, -1
7.43695838683, 1.49597127006, -1
8.0392419829, 3.85154044949, -1
8.28333684025, 6.7777132023, -1
9.10353229775, 7.48937102777, -1
8.83555713945, 5.0514964986, -1
1.33973572491, 7.07411100545, -1
5.99556385342, 6.58395126094, +1
0.225091922097, 2.13836722366, +1
3.65367122431, 9.59629114683, -1
1.4137902023, 0.0703255254929, -1
5.19763530557, 0.420196237859, -1
0.33865130394, 5.73312526219, -1
1.44755013886, 5.23815234213, -1
4.54273735851, 3.46047669459, -1
2.21427041772, 5.21092164539, -1
3.54978665505, 7.78580769234, -1
2.21525960755, 8.92212865025, -1
3.78152088045, 4.61816321013, -1
9.17471119624, 1.80235312982, -1
8.500970074, 2.69827574922, -1
3.36907315144, 6.45085816386, -1
7.88717962713, 7.28271898123, -1
2.96380238145, 4.0231535632, -1
3.44305155338, 9.25581870853, -1
6.53135007802, 1.84520567657, -1
1.47038441153, 8.06886856027, -1
7.83808617367, 6.91526466471, -1
8.31021218763, 5.53862828534, -1
1.02372932479, 6.34080864856, -1
9.95129452449, 6.50942860588, -1
6.8489023542, 2.82813850747, -1
3.6018343414, 2.77810600652, +1
1.18521875704, 9.69945563015, -1
7.48648338179, 8.70474025111, -1
8.35891495277, 2.99747775409, -1
7.90248559527, 2.61608553303, -1
0.186598962024, 8.25730379541, -1
4.80361953612, 1.09509256225, -1
5.03744862013, 6.3790467269, +1
9.56915071749, 7.15957720176, -1
2.38176517869, 6.20702376567, -1
3.50323629254, 3.71082580621, -1
3.57785543371, 9.00214827774, -1
2.33082255499, 2.823180457, +1
5.60053824941, 1.01374452792, -1
5.06147638457, 4.12390417848, -1
6.4185094609, 5.28481698455, +1
3.90771030089, 8.67562788628, -1
3.21204281283, 5.81242572447, -1
9.21433611306, 1.93311129724, -1
6.64288918723, 9.36143294774, -1
5.87639654558, 5.48111856759, +1
7.23736079545, 0.283979866646, -1
2.64819092419, 9.29906860094, -1
6.05211835264, 4.84073456972, +1
6.69423397856, 3.43175991088, -1
4.2958276004, 8.64475848403, -1
4.84751198367, 4.45448315033, -1
9.69700649198, 6.07799225649, -1
4.49610086135, 3.87518889508, -1
6.16353481015, 2.97498880152, -1
9.0747994811, 0.224965269737, -1
2.62226418565, 6.63857964601, -1
2.00538934714, 1.26643869708, +1
9.53306722418, 5.78505450109, -1
7.4089803856, 6.10910387108, +1
1.50840408434, 1.03988432115, +1
4.85374470577, 3.03305461733, -1
3.65502919327, 8.70962672233, -1
6.99254735869, 3.77997098021, -1
1.95349021963, 0.66341331894, +1
4.36102668451, 5.55347559006, -1
4.21827989003, 7.11488391732, -1
3.10763085523, 2.7640074139, +1
