6.57915876435, 0.788935298824, -1
1.35656931597, 4.95584250252, -1
8.23176641407, 2.38617246483, -1
2.66955241082, 7.8530331124, -1
4.52007248084, 5.99718052676, -1
9.40406143258, 0.280162852269, -1
1.70001890462, 8.48467496378, -1
7.98645385173, 7.19465830938, -1
1.81925289973, 2.3478432962, +1
0.610150644001, 7.64273945063, -1
8.95458446753, 8.85756521426, -1
9.44889716735, 3.32937771548, -1
8.27412007874, 3.45311483253, -1
5.94707255941, 0.0717856279779, -1
3.20436894511, 2.7602679854, +1
4.01392986786, 9.64327953414, -1
3.41131487313, 5.83644236409, -1
4.12287953922, 4.42550062378, -1
2.27468281892, 3.21742208594, +1
8.06893327594, 4.58795036881, -1
0.746394850531, 0.340878203629, -1
8.05851620461, 1.65774173722, -1
5.18838225816, 8.33102723776, -1
5.71222560102, 3.97136926374, -1
0.912817251632, 0.0532237814907, -1
0.571660067337, 8.03409476036, -1
2.46929455322, 1.87890135009, +1
2.31505703173, 3.36056154037, +1
5.28116841493, 2.57261664119, -1
9.6418067909, 8.69807780466, -1
5.14486248605, 4.46664730788, -1
8.96717525528, 0.862549721056, -1
5.96263906449, 7.80119568633, -1
0.728400288633, 0.55265912211, +1
9.1747354419, 4.89091571687, -1
5.99302506848, 1.47281675143, -1
1.99207742615, 8.2163190792, -1
5.12642132094, 1.22628373154, -1
5.51629057872, 1.41272229948, -1
8.10605283157, 5.89441050678, -1
8.6827590217, 4.01590841242, -1
2.38983417984, 4.18213058677, -1
6.78301112276, 1.22956719037, -1
8.93868262131, 2.99676987264, -1
3.75401271826, 9.1961184773, -1
0.536796035487, 9.38381685551, -1
8.71194435457, 7.69016316245, -1
6.02929677039, 8.55656112872, -1
0.115921563013, 0.366228170671, -1
2.30045323551, 6.87950785694, -1
0.766740542877, 2.89373231792, +1
7.10070379322, 3.99475840215, -1
0.217427374068, 7.38163026779, -1
7.51860696132, 4.06099517911, -1
0.0403004735535, 6.68637684665, -1
5.10576914594, 6.72897637455, +1
9.10738560825, 4.11262785062, -1
5.98411268852, 9.28316269021, -1
9.36964104191, 1.06069373563, -1
2.7701845446, 2.50909284446, +1
3.94094645441, 6.91594124968, -1
5.31523832714, 8.68959115951, -1
4.24055597923, 7.13577282173, -1
2.52148584767, 8.92149089906, -1
0.600732502667, 3.0457620206, +1
1.54020549927, 8.62702387187, -1
5.50049386549, 4.96886599348, +1
9.61363956539, 3.33966415595, -1
4.99010902846, 1.87076336981, -1
0.159396611543, 3.46810233317, -1
9.22385827277, 4.83103162436, -1
9.82603259918, 7.73761383348, -1
9.41858117422, 9.80616504686, -1
0.965013054696, 5.73938579147, -1
3.89192523408, 8.99869976482, -1
2.61003670896, 1.37953275816, +1
2.90726984279, 2.73864490923, +1
3.9769440044, 9.54800958657, -1
4.05839131111, 9.90177854419, -1
6.9129859068, 6.25907082271, +1
8.46032174126, 5.92185195717, -1
4.16437087881, 7.60919183199, -1
8.48547301822, 2.27877327038, -1
6.57286724581, 5.89429298152, +1
6.90852651993, 5.84862109539, +1
7.13983277454, 1.47021357201, -1
2.70194758747, 6.65337393462, -1
1.50093322839, 2.51560883738, +1
6.10876309432, 9.98097457634, -1
7.93436674361, 3.65562321861, -1
4.32899549944, 6.19136873362, -1
6.88234674383, 6.18828941915, +1
4.50254924167, 1.83884841819, -1
4.80192117454, 2.774749888, -1
6.47520841921, 3.67919944411, -1
1.73706399695, 1.91904285803, +1
1.86117063744, 7.08374859748, -1
7.25576489952, 3.02143537856, -1
0.565496517794, 5.41753819417, -1
7.47168706856, 7.03648775189, -1
9.63446780066, 6.65461406412, -1
7.78444370177, 6.00435665522, -1
8.84553536731, 4.5179128315, -1
0.0419594774848, 8.12258040396, -1
4.97112157995, 7.13188762988, -1
1.07512006119, 6.95418324599, -1
5.97642341295, 5.56425937359, +1
9.87993018927, 4.5306655795, -1
5.40082318863, 2.87439629953, -1
6.32464109108, 8.57727101396, -1
4.13106022606, 4.31796153275, -1
5.99527374932, 4.30383063241, -1
8.14653928937, 8.5233660266, -1
0.226490100393, 8.99462726933, -1
9.25116961984, 4.01924681051, -1
6.49737708042, 0.941708944126, -1
2.54048080991, 6.47568134756, -1
1.15984512313, 9.93398508907, -1
2.44986857912, 8.55005253511, -1
4.48898872612, 0.0923537426344, -1
2.77539164686, 4.61347142293, -1
3.40972000065, 7.92007115046, -1
3.91015364106, 7.18793553374, -1
3.97373531721, 8.32580217056, -1
7.29173531526, 5.51564572712, +1
1.40696999964, 1.56678392121, +1
0.21901383086, 6.92479059136, -1
4.79800276637, 7.46373285848, -1
7.46242613582, 4.91236589749, -1
1.37640860209, 7.83326592594, -1
4.60314195405, 3.92132505786, -1
5.43761886964, 3.73247506124, -1
7.84030191957, 5.3017985905, -1
6.336433891, 1.18715912473, -1
6.93953641003, 2.8348062465, -1
0.0780229401508, 7.70813952687, -1
4.38201322511, 8.48610530889, -1
8.51932262056, 6.85573890389, -1
2.83316229456, 1.31397081726, +1
8.42375895889, 8.88689268189, -1
5.33827088619, 1.31801611531, -1
9.35006291675, 4.20716947115, -1
0.498743167167, 3.37299412443, -1
8.74525480046, 0.836141071866, -1
8.94773609958, 8.45553537275, -1
1.57140751702, 7.67541879357, -1
7.7563124552, 9.55330930456, -1
8.29869361738, 7.8996729892, -1
5.57472137346, 0.14056993351, -1
3.51644151495, 3.11647585275, +1
7.08311725812, 3.35259265835, -1
3.29358104473, 5.68510807392, -1
8.25996509162, 0.401302767348, -1
3.36485951511, 5.49294789827, -1
3.32680982093, 0.792063040811, +1
6.45549516977, 5.98753578577, +1
4.94421788997, 9.67591158019, -1
6.35560320272, 4.95910364047, +1
9.35767557295, 1.83227260413, -1
0.0604957038292, 4.58952212849, -1
8.21859542161, 0.663119805158, -1
6.22234767166, 1.0707249472, -1
1.50124391845, 7.03783098738, -1
5.73593945257, 4.88334183506, +1
3.18589903546, 2.62584802155, +1
4.30098770669, 0.451021926705, -1
8.64311158184, 2.21828746469, -1
3.5747094028, 5.39873237939, -1
8.51783528379, 3.75311700955, -1
3.6909931467, 9.4877417166, -1
3.7184041146, 3.17830791556, -1
0.290874714669, 1.7573643781, +1
8.78582742383, 2.62672476617, -1
4.04256454865, 0.758625302536, -1
0.68165553233, 7.14565696277, -1
3.84515639849, 3.81767876413, -1
6.66163135452, 0.45553727267, -1
2.91849041242, 6.90146437937, -1
2.78161725483, 3.22021324214, +1
6.98278440054, 3.51915320441, -1
0.27452764979, 2.50169134749, +1
7.47451888243, 3.03665790731, -1
6.3851626694, 3.84203319444, -1
6.0820765609, 6.42801649227, +1
4.27677226022, 9.59610180289, -1
9.02681906133, 5.89522031113, -1
9.30605391102, 8.66600646198, -1
7.94735565182, 2.28925014331, -1
7.36338670333, 4.81005908252, -1
1.77445194031, 8.86956819526, -1
4.98385156342, 6.12642752795, +1
7.63109097715, 6.87923438533, -1
5.81905541809, 7.73119813282, -1
7.16819221048, 2.48222514852, -1
8.56847406713, 3.98572222161, -1
8.23733997967, 6.34826075035, -1
3.324387249, 3.499362299, -1
4.87633447757, 0.108023881227, -1
6.82128353008, 4.33876323475, -1
5.57786507906, 8.80288725485, -1
8.20566899298, 0.570085633547, -1
3.01454877981, 9.79925114142, -1
7.01649107377, 7.94783181854, -1
6.26728795569, 8.26735878117, -1
0.728936771234, 9.68947369934, -1
0.670328760347, 9.5188933658, -1
4.00336818717, 9.0582507042, -1
1.37727396539, 2.41565185907, +1
1.55586990931, 1.12938612081, +1
4.954475447, 8.82245831431, -1
5.71654561577, 6.30896783453, +1
8.21066217478, 0.130716278234, -1
9.50292053291, 5.7905292193, -1
6.31927842206, 4.3261471168, -1
2.38582554502, 2.68364049229, +1
0.120982768031, 6.91786800454, -1
1.1276983578, 1.99418247908, +1
7.21724520462, 7.78421236398, -1
9.79369200267, 7.97403178453, -1
3.64787374692, 3.93491497803, -1
3.99404206025, 2.51642698259, -1
4.95621114527, 5.98796644255, +1
9.89595033743, 1.79861093768, -1
9.42185526661, 1.90059902364, -1
8.7308054563, 3.84154925938, -1
2.26761116534, 3.86657249626, +1
0.0331202856043, 4.45487651612, -1
6.14944316641, 4.95963172978, +1
4.76107591403, 3.62099670408, -1
5.19529308721, 6.48858377564, +1
3.75370522721, 1.50954397175, +1
0.562877293006, 9.07709973115, -1
9.02722539119, 2.28474250621, -1
0.966737266664, 5.90359372914, -1
9.26929315181, 8.21844607529, -1
4.69827740661, 3.9513269434, -1
1.09626874906, 8.95465967837, -1
4.96364506975, 4.34100101073, -1
3.0915539628, 1.43795460809, +1
2.55857388985, 5.31106569232, -1
1.68413936072, 7.91436798458, -1
6.77415386945, 3.0856174978, -1
8.54207134461, 2.3973874957, -1
4.35430827532, 3.54996190947, -1
6.30793181974, 6.00274135217, +1
4.20935234385, 6.96113508123, -1
9.45400179118, 4.47480959621, -1
4.26088483273, 6.45119536691, -1
3.8917390109, 2.14875311893, +1
1.31396666001, 8.29069960599, -1
7.97442427349, 5.78860639304, -1
3.89101268156, 9.4810559851, -1
8.18683374037, 0.480720626461, -1
2.33386055199, 5.17936755875, -1
0.497851183761, 1.15693678299, +1
0.144783581358, 6.41827287231, -1
5.04539202102, 7.49170809376, -1
7.11589087405, 0.0742509280285, -1
6.78867291851, 0.864912936915, -1
9.49854016125, 9.05430606629, -1
9.87446572446, 5.50509339154, -1
3.45553789487, 5.77486102876, -1
7.86082187119, 7.1776525694, -1
5.79497101962, 1.24431312583, -1
7.57365945239, 3.04914121101, -1
5.09261431544, 7.76856996477, -1
9.71630416128, 1.61964409589, -1
5.65300535408, 7.38981373223, -1
0.229381826186, 0.570079245623, -1
2.38750409838, 1.47719560866, +1
0.765674177102, 7.23660690687, -1
1.30163608594, 4.65963276734, -1
3.19938687279, 8.42854318939, -1
3.21611372846, 6.52440157343, -1
6.72823830586, 8.38230756878, -1
9.23424706394, 1.82046052305, -1
2.48393850251, 4.00169676362, -1
4.63409515005, 8.15286189672, -1
1.94906653011, 7.23149917981, -1
5.18393973831, 2.37525381968, -1
5.30780420036, 3.23089828289, -1
9.80298720553, 0.786814472444, -1
3.09897492051, 9.32962363045, -1
3.78737336521, 2.77633410335, +1
6.39429564892, 1.56067212224, -1
3.1047622941, 5.91582776062, -1
7.93852032901, 1.40292457433, -1
7.58900743295, 3.27421679855, -1
4.07984195277, 5.48932117409, -1
4.83324017922, 9.97531025594, -1
7.96742676513, 9.49474532776, -1
9.04490959311, 3.71800242202, -1
7.33867557526, 8.58270140667, -1
1.38836874123, 1.41929523303, +1
6.53428107003, 9.52635816814, -1
2.79156671575, 8.1388833728, -1
9.27721990459, 2.77836519128, -1
3.54579884068, 0.759636629284, +1
6.32898295357, 8.24402847444, -1
4.66060062827, 1.35203058187, -1
8.66770832877, 7.65066749396, -1
2.42779398518, 2.86670936526, +1
0.763040019572, 3.98722070972, -1
2.04301783541, 9.23404169057, -1
5.57083747674, 3.13733381506, -1
0.917970840092, 4.6259034282, -1
9.31692102561, 7.46217174191, -1
6.14006493927, 0.975323202388, -1
8.67919258389, 7.87504943993, -1
2.87244277842, 0.437997736528, +1
3.65383179411, 1.24496905451, +1
3.64650157308, 9.02436542954, -1
0.552510380602, 7.18304630519, -1
6.32985483521, 7.39894276829, -1
9.55879708839, 6.25752465492, -1
1.27222192038, 9.95335794137, -1
6.97486548344, 9.29015090382, -1
8.17801012321, 0.86939193926, -1
2.31243795209, 3.26624183167, +1
8.45553755018, 7.30202942804, -1
2.84173579242, 1.31457148844, +1
0.421783015604, 4.27037116418, -1
4.11168695695, 5.49654522718, -1
2.60337086873, 0.422354989469, +1
4.11903846917, 2.16876620779, -1
0.281707948799, 5.94700533626, -1
1.35509207012, 5.24648909893, -1
2.22609763363, 3.2171744192, +1
4.41049614149, 8.98259958168, -1
0.136918231207, 0.794917968404, -1
9.44258797535, 7.48113953685, -1
5.47332362952, 6.85889821571, +1
1.3638334711, 3.9007934307, -1
2.75955509536, 0.591296801229, +1
3.74719044584, 8.4831228713, -1
5.54898943654, 1.5075892427, -1
1.64722368364, 6.94648942862, -1
9.59449305239, 6.49764107084, -1
3.30383082528, 9.47360359739, -1
4.0630400486, 7.82159376803, -1
7.95197739825, 6.11964393809, -1
0.509559935211, 2.91789862892, +1
1.30690887738, 0.00447516159779, -1
1.33083350557, 5.96756058899, -1
7.56554071664, 3.78307145581, -1
7.87356597635, 3.64208986502, -1
7.10643096664, 8.85377960694, -1
5.87988828688, 8.82795664163, -1
3.43858642439, 6.36603288607, -1
1.43326997012, 7.95212338768, -1
5.60450715098, 8.73840613498, -1
5.89412979859, 0.919228414643, -1
7.1570471003, 6.6104358176, +1
1.02808204209, 0.332900339836, +1
2.96752021508, 1.04265841412, +1
0.637213450203, 9.77984002108, -1
1.3566159128, 6.62544480442, -1
3.67932247997, 8.22661473966, -1
6.09895555304, 7.78568810282, -1
8.73614951908, 5.97581432717, -1
9.09589236614, 0.316974209312, -1
3.8148240591, 4.64698533374, -1
7.35495197838, 2.70078054637, -1
5.66528642453, 2.55827775208, -1
0.540472884491, 8.42276978344, -1
9.45556732041, 7.02529297768, -1
0.678393645663, 1.75049174829, +1
6.81580963431, 6.46489711891, +1
0.964818776087, 3.83203992102, -1
5.33931722568, 1.46477083224, -1
2.18871995809, 9.56305093353, -1
8.21906804064, 3.65457790057, -1
5.4684185364, 9.91964028966, -1
3.37461867477, 9.04898905961, -1
6.89132471448, 8.7242291097, -1
3.68450331963, 7.62346163521, -1
2.1033226624, 6.00027438857, -1
7.84925843516, 0.359950373444, -1
6.07935990764, 3.40545163753, -1
3.71301704197, 6.49750718083, -1
1.05907515292, 1.10790444418, +1
5.51878894345, 3.80098535131, -1
0.0681206019313, 1.88179496377, +1
8.29046580003, 8.82030381265, -1
4.64651178648, 0.472058949574, -1
4.09553791592, 4.07420829502, -1
4.25292121784, 1.82483235133, -1
4.79422753626, 5.51306729337, +1
9.96116429316, 7.8136026486, -1
2.20418809193, 8.04338338104, -1
2.26751323999, 6.62684574396, -1
5.97605932692, 3.68018495944, -1
1.80041403839, 7.34272171565, -1
5.15243636518, 3.82225939622, -1
9.19411661066, 4.86424125845, -1
8.67146592454, 4.18543104244, -1
4.53304599907, 2.26765981547, -1
1.98199462368, 1.61019443545, +1
3.83229233651, 9.0185407426, -1
3.94031812612, 4.89439775564, -1
9.11716354074, 3.08227424406, -1
5.6789182354, 4.63226792428, +1
5.67787103312, 6.96439000624, +1
0.367226549211, 6.52224358773, -1
8.21956282622, 6.37720992685, -1
5.77001161784, 4.31419691486, -1
7.70207663424, 4.27785353834, -1
7.63141757245, 9.10252207013, -1
0.118226431045, 8.10793343293, -1
5.49599365376, 7.78388708621, -1
9.21407294811, 4.70594789703, -1
6.85583515008, 8.21695716673, -1
7.72385046967, 4.96885691332, -1
7.55896032529, 2.50704513866, -1
1.44482702231, 0.512512158374, +1
4.66455618049, 3.91601698094, -1
7.13040101737, 5.81147117223, +1
4.32110470345, 2.47915450667, -1
6.38219214977, 8.80090252443, -1
6.07254255597, 0.52775373223, -1
2.70428670704, 5.81316651996, -1
2.504399237, 3.49582357495, +1
3.35625019699, 2.83265386684, +1
8.51135636729, 6.94175814255, -1
7.98688791948, 5.31942476826, -1
7.64308101187, 0.932572806912, -1
6.67802456981, 7.67067897671, -1
6.80524870994, 5.12111962088, +1
7.46655758066, 9.56647763757, -1
2.64047977217, 0.636340604474, +1
8.65512837591, 5.41921889371, -1
5.86790945448, 5.29671832756, +1
8.00520145674, 0.410474582493, -1
9.72549488754, 5.18250928628, -1
2.77160011559, 3.8997585301, -1
8.65944398409, 7.70048180518, -1
5.5880790934, 0.491499301602, -1
9.44961309774, 1.05720042161, -1
9.021568145, 8.57524154355, -1
7.97708208894, 3.97747133003, -1
8.77829085867, 7.34140105661, -1
5.67400584948, 7.11190678451, +1
0.289760104957, 8.3421268117, -1
8.59693691865, 3.47999592413, -1
2.82458310485, 7.38974341668, -1
7.05654057213, 5.07552720848, +1
2.69540284691, 7.04446688992, -1
5.58333744975, 3.24065979392, -1
8.55815873853, 3.79266838927, -1
1.7883500218, 7.12646518146, -1
4.52699689995, 9.94385176531, -1
8.21079956054, 4.94486033162, -1
4.24452247508, 5.89462649046, -1
4.30314769987, 8.48552547383, -1
0.132793883651, 0.0424095500104, -1
8.40463291412, 1.43578789829, -1
3.71241799711, 9.66332078053, -1
0.581354002122, 5.35589121977, -1
7.5640897592, 2.22323240037, -1
3.95933464335, 4.61716704393, -1
1.32208279479, 3.23931901341, +1
9.15572062577, 6.40488785043, -1
3.20283717968, 3.88740762814, -1
7.86220955506, 5.79449467774, -1
8.30485471508, 1.63405583283, -1
5.1189668338, 6.8819173724, +1
7.00759680967, 6.68064833684, +1
3.15771409362, 3.1214577296, +1
7.15085965925, 6.4290289353, +1
1.1678477667, 4.86918415637, -1
6.88350941858, 4.52946261806, -1
4.39819652237, 6.20479938551, -1
2.18253095095, 2.7401340979, +1
1.62503308285, 9.50084151042, -1
4.8073688444, 5.28733365666, +1
0.653932635842, 0.653440880787, +1
8.89187859844, 5.88833058896, -1
9.62591678439, 4.88838826762, -1
5.41400918036, 9.91207923712, -1
6.94192438901, 2.45028344392, -1
1.96478006127, 4.96963517736, -1
0.106900064733, 2.77878604167, -1
0.140287273714, 2.70096301029, +1
4.7030952386, 9.14762785918, -1
8.78106833526, 8.76412128756, -1
5.43321934084, 0.21028091234, -1
6.13799498788, 2.77367770888, -1
9.12706631114, 2.53576626757, -1
3.89174360632, 4.70101941946, -1
7.66929227974, 5.89206328062, -1
1.13587205684, 1.49199261293, +1
0.80165543235, 6.25967589899, -1
0.495404221516, 6.0796370443, -1
4.39803193997, 0.403385480722, -1
6.67218919045, 8.84237561051, -1
9.46568124751, 5.25200341565, -1
0.195069808502, 6.63972793996, -1
2.6961916123, 3.29053715568, +1
2.89114959996, 7.03350225743, -1
9.95116675075, 5.28125433735, -1
5.9774904827, 8.29060420203, -1
5.16503176488, 6.97573547653, +1
0.407263924254, 0.313406684531, -1
2.45019163186, 9.47433932661, -1
2.71551817895, 1.1641516341, +1
7.60571598659, 6.77424508047, -1
0.969109766663, 2.4422159891, +1
0.941830798302, 7.59407939974, -1
2.44311439124, 1.97113013942, +1
6.65919322055, 6.66912644329, +1
0.498009324962, 7.95805136632, -1
3.10545683928, 7.42762351608, -1
1.64767325201, 6.4896841915, -1
6.10792315348, 1.23395228151, -1
0.206101060191, 8.15073464979, -1
3.25079870451, 3.03797939805, +1
8.27631862508, 0.100827727893, -1
8.06657464563, 8.88787484447, -1
7.05023453391, 3.68545738118, -1
0.827251378361, 3.14044566489, +1
2.77754796161, 4.34969156827, -1
1.04614934961, 6.00631849964, -1
2.99338523645, 8.53075660599, -1
7.71652527512, 1.52398955204, -1
3.38621963445, 5.71794779205, -1
1.29613853215, 7.69194094182, -1
3.79049807241, 3.69352866414, -1
1.79763702913, 2.86945718158, +1
9.01841720634, 6.76751529258, -1
5.32837888749, 8.41615362298, -1
9.17677145183, 6.69014665122, -1
1.2470986799, 8.51173353981, -1
9.8700820782, 4.75952881912, -1
9.33286892313, 3.01004405603, -1
7.4092257014, 8.4714563787, -1
6.38081944127, 5.85827211227, +1
7.73988806897, 0.687962892532, -1
8.82578232275, 1.86885562769, -1
2.54684066335, 5.06639197759, -1
7.05346655284, 2.31634918636, -1
0.169621784099, 7.15567745717, -1
0.881046388273, 7.61733060274, -1
1.96572102501, 6.97162700677, -1
5.57443672831, 8.51341184872, -1
4.17365339179, 8.8111937571, -1
1.34927682814, 9.43522140077, -1
3.99466904854, 9.84668656663, -1
9.10389655096, 6.41502324467, -1
9.33364243375, 3.69829193315, -1
0.954721965516, 6.18041955771, -1
4.90744644788, 2.03558626854, -1
1.18533649384, 1.11764342888, +1
4.71548964916, 9.61292491359, -1
3.0287558408, 7.42592804057, -1
8.23319113645, 1.06728539243, -1
7.92571734579, 3.90000248396, -1
6.41857678459, 6.4331246715, +1
3.54449474352, 6.57888268075, -1
7.12608887373, 9.28152827816, -1
9.57154891856, 2.56385319449, -1
2.37435879953, 4.57482678688, -1
3.28167822521, 3.93798260291, -1
4.75543976175, 3.29069320699, -1
9.01411642408, 9.36762807698, -1
6.88560593933, 7.78610289813, -1
0.939660688396, 1.28409839546, +1
1.66593043408, 2.35248874384, +1
8.56926899636, 7.44661163951, -1
7.79450752476, 5.24844555398, -1
1.68348603777, 8.97878579448, -1
9.50834258397, 4.26190167309, -1
4.31373624819, 8.19842166489, -1
8.24963590873, 1.69390819376, -1
7.05225989957, 6.24404395301, +1
7.40890054227, 3.56889028991, -1
1.80643201634, 0.387696645951, +1
4.31460829722, 8.34696887209, -1
5.03914336134, 6.19809760762, +1
2.81942422621, 0.873493576162, +1
3.39571848609, 3.7085465156, -1
1.5292379184, 0.760757086154, +1
2.64838298095, 3.93257761807, -1
2.59443901161, 4.79148397993, -1
3.11261850739, 7.00512416953, -1
9.52482139769, 2.23311391728, -1
8.54748745665, 7.11303396023, -1
5.26346046834, 8.56910258958, -1
8.64307031838, 0.453824751412, -1
0.31239832765, 8.09581893612, -1
2.66633416937, 9.17261117182, -1
2.88425923849, 3.4711280561, +1
3.58281155183, 2.25269500973, +1
6.1444865399, 7.80077741488, -1
7.33445673194, 2.86992186282, -1
5.71021722373, 9.9164768126, -1
2.34193331026, 6.23404247874, -1
1.10647135132, 1.95561476697, +1
6.72107822442, 8.54931683182, -1
4.74929402983, 8.29068502877, -1
9.45650902728, 7.91110186648, -1
2.77817927253, 5.41881196145, -1
5.62906451801, 0.087088706716, -1
3.43619216255, 5.74735062512, -1
1.13116330677, 7.5660846129, -1
9.64420605514, 4.34559714317, -1
5.48622395571, 0.754156653893, -1
5.29551430389, 1.21147782149, -1
1.33958262383, 1.98896743784, +1
8.88769934868, 6.44235095585, -1
1.37188895155, 7.29842489894, -1
6.38187222534, 7.28462964288, +1
9.31332937671, 4.2395290105, -1
1.02996700368, 3.50391743799, +1
7.3362298477, 6.35813148626, +1
4.33569299619, 4.8281435924, -1
0.973376512395, 5.45703372857, -1
4.38158609424, 6.38416178736, -1
6.53487124479, 0.267050755665, -1
0.751497130012, 8.37863817868, -1
8.40266800918, 3.1734710925, -1
0.259042780185, 7.20592625406, -1
8.73001142018, 7.92777760262, -1
6.49140739856, 6.23727363228, +1
4.55725553363, 2.60407590304, -1
3.99032462939, 3.17433063164, -1
6.52015987092, 5.46192559615, +1
4.81295934034, 3.92891630639, -1
1.20448850542, 5.21558456147, -1
9.08547427925, 9.08450805028, -1
4.89799749967, 4.40650423939, -1
4.32572500656, 2.57107277636, -1
9.30533365072, 9.75255747638, -1
6.48914617563, 1.22628242181, -1
1.35577241386, 4.58902641704, -1
9.75833117835, 9.44656109156, -1
3.46955522317, 6.8026676315, -1
5.05175173493, 6.36556517752, +1
5.6730816844, 2.34780447443, -1
6.38278159454, 8.5563367153, -1
0.693754145178, 0.656627442902, +1
0.525748348273, 6.7265665007, -1
9.29363653365, 8.16122397154, -1
2.49572292618, 1.07165777047, +1
2.89956712963, 2.62654475011, +1
0.759511746813, 9.35186163153, -1
6.94188652879, 5.86777685521, +1
5.75579435595, 7.48940495709, -1
1.54208654988, 8.65511144391, -1
4.50007959343, 9.81571373289, -1
6.40923192297, 0.68098722021, -1
3.91069111853, 6.04148988421, -1
7.61260521176, 3.62671690434, -1
8.50115018598, 4.25571305004, -1
0.465260714444, 5.1246914565, -1
7.29159143231, 4.58489538563, -1
9.54545330678, 8.98663976717, -1
4.16512613285, 8.64979503071, -1
8.61075713346, 8.22921745367, -1
5.16051894994, 7.68829225772, -1
1.81322883473, 7.97543421364, -1
3.08833018919, 2.26195516785, +1
0.974033830801, 0.891919947497, +1
7.37507974794, 9.36430988089, -1
5.66670082044, 8.33062188058, -1
5.84933492436, 2.41368995725, -1
5.46068834337, 7.75204983975, -1
8.17482811864, 7.79704418845, -1
2.20902910061, 8.02174039386, -1
8.47903759747, 7.29296194494, -1
7.31701259074, 2.08679554963, -1
0.8548545903, 0.503146938233, +1
2.16809612556, 1.55763220017, +1
2.13931881464, 0.328771743396, +1
9.16065497588, 4.89307126646, -1
2.98410713826, 0.205811742338, -1
5.48968266134, 2.44211572684, -1
2.12962305681, 6.78245372507, -1
2.19061293002, 3.55337913074, +1
0.404449013277, 1.62723974138, +1
3.57220547371, 3.49001699618, -1
3.32252616848, 1.97337937635, +1
6.95332658021, 5.01358170672, +1
4.45542011888, 6.483477803, -1
4.06113175282, 6.33191601895, -1
8.8131991752, 4.24193604437, -1
9.86804674357, 2.59029996116, -1
2.88792028171, 1.55249026675, +1
7.32446945124, 0.748064874088, -1
9.86316877977, 7.09323980001, -1
2.07870196772, 2.28325765543, +1
7.37052564731, 6.24712810041, +1
4.46287294006, 6.81701608043, -1
4.2775607168, 3.1263655828, -1
0.787740885128, 1.69472449702, +1
7.48905142627, 8.93321160339, -1
9.94595580637, 7.73702093824, -1
9.06913042885, 4.68558858259, -1
3.90665241043, 3.55008901899, -1
9.19467094294, 6.94126136148, -1
8.97904773335, 3.10980441919, -1
5.38333190849, 3.87905475512, -1
3.57808464921, 7.3986683571, -1
2.99144240143, 3.54124794219, +1
0.42555162906, 8.10858241056, -1
9.90549571825, 9.69138631068, -1
1.53129629318, 4.72135519091, -1
2.48079422724, 2.72354613214, +1
6.38540817523, 1.60874005555, -1
9.72842578891, 9.05475879393, -1
5.57334567991, 5.07315244326, +1
2.90275484663, 6.10047061072, -1
0.225658321322, 9.35154668997, -1
0.749724509837, 3.30507033497, +1
1.16957869293, 1.75659428559, +1
0.581173213572, 0.873683184596, +1
8.6681328577, 3.76796786981, -1
5.39995571128, 2.42193767421, -1
3.49529872621, 7.40938741055, -1
1.82631811081, 1.43724396343, +1
0.97197116392, 4.1688457061, -1
2.61823841254, 7.55357589655, -1
0.49259653093, 5.48084902337, -1
4.42447563554, 2.97317059495, -1
1.89603622828, 6.73234978829, -1
1.46975440792, 3.59755341834, +1
6.02145705427, 7.11686980916, +1
5.49488459348, 4.46999329467, -1
8.08804367736, 3.67525731687, -1
5.79837105501, 7.4618160809, -1
8.0047975454, 7.41433476019, -1
0.495322651659, 1.10090057523, +1
3.71085264666, 2.97280138907, +1
8.6302432952, 9.03883860165, -1
5.48883402802, 5.30136991651, +1
9.23194541516, 4.90071304641, -1
9.39872334264, 1.12440569657, -1
7.24535704434, 3.02492541853, -1
2.33116293539, 7.83748469241, -1
4.01537088878, 2.38259007896, -1
6.41203986857, 5.44171206747, +1
5.51241881234, 4.2311496432, -1
3.99845532046, 2.21449597747, -1
1.30998078183, 4.0699197194, -1
0.116753204954, 0.432242286814, -1
4.80318966407, 6.38969687764, +1
1.83396897064, 7.6542745251, -1
8.93668261538, 4.18887315982, -1
4.42470792412, 7.23209468425, -1
7.25208078529, 9.62791060089, -1
7.06203586213, 9.9673711048, -1
2.30799064546, 2.93049082994, +1
0.451635405965, 9.95370538276, -1
1.88566506162, 9.41003477823, -1
7.44181600972, 5.74033638695, -1
3.59943297584, 7.16087561602, -1
3.76884218311, 7.28727633739, -1
7.47435616552, 4.57321159476, -1
0.661419276444, 3.20761278558, +1
1.4688033205, 4.12386265666, -1
7.481352666, 2.93577851522, -1
9.56308905066, 4.8101820285, -1
1.84994194243, 2.16614882747, +1
1.20531468603, 9.34323006534, -1
1.86968113972, 6.59154947946, -1
0.777000384233, 5.48350664624, -1
3.76798436272, 0.945708353172, -1
3.64718853039, 8.81590573381, -1
0.709571007924, 6.64917773833, -1
9.28879431935, 8.62580972251, -1
6.89991025333, 3.57341641647, -1
0.591575540452, 0.0348606059107, -1
3.94527947753, 3.44957174626, -1
2.02247983838, 7.72942406358, -1
0.431666523564, 3.88520174726, -1
2.30992433109, 8.16385991382, -1
9.41903245993, 6.34712455795, -1
3.55968834523, 7.09444790457, -1
0.252061889596, 6.14091268988, -1
4.93721214871, 0.931080844565, -1
7.56961866984, 5.07497302591, -1
4.82209035756, 0.815693904931, -1
2.555185371, 2.36293117274, +1
3.93608871824, 5.14880929977, -1
9.39098620081, 3.03331418114, -1
0.247648241491, 9.70305473629, -1
2.03264968715, 2.20408731792, +1
6.40434135566, 7.28780588283, +1
4.46516019594, 5.56598977427, -1
2.7801770967, 4.17908064035, -1
8.45322996807, 8.55156244276, -1
3.37002149968, 1.89099828632, +1
6.17811117353, 0.307003153272, -1
0.996010837985, 3.86947613367, -1
3.78239376262, 1.46958291774, +1
2.9404784754, 6.55389510588, -1
2.47052062599, 0.154550779987, +1
9.60008165511, 2.43233656014, -1
7.77956712085, 5.67182827829, -1
3.3372753321, 8.11037336117, -1
1.48119704433, 6.74650487716, -1
8.91527000528, 8.7691541981, -1
5.06265432695, 7.29440939537, -1
3.37505765755, 1.48885239907, +1
3.17050393408, 4.5971826755, -1
5.63642184536, 3.12532100856, -1
0.247483137931, 2.59615008428, +1
0.83797173718, 9.88548618971, -1
4.84504998063, 4.30835724507, -1
9.11241193756, 6.56577600391, -1
7.39137458878, 0.929096277042, -1
8.79526166986, 4.66387865621, -1
8.70569372832, 3.47746576476, -1
8.02473486509, 8.08049468217, -1
2.05411873406, 3.29461799496, +1
0.0341498743906, 1.78367416794, +1
7.65730150491, 5.27931852007, -1
6.10685558358, 0.416524793513, -1
1.99581971789, 5.49752308165, -1
7.66663185008, 4.85672418313, -1
2.85825507265, 7.85290857128, -1
8.2407287456, 8.26667660995, -1
7.9168741995, 8.82889857388, -1
6.52500425991, 9.53999296453, -1
5.25934343959, 8.54838808437, -1
1.40529082342, 2.26309312362, +1
0.823236795426, 1.98059063673, +1
4.37410685156, 2.66947210008, -1
2.73845054897, 8.18826304795, -1
7.03068530624, 4.37940966245, -1
2.14591519583, 7.5211087683, -1
9.05664389274, 1.20548369867, -1
7.37687345404, 0.401498246651, -1
1.36874893224, 8.33398681625, -1
1.5471668004, 2.08608008825, +1
2.84389338605, 2.05397940354, +1
8.63019806174, 9.36736267687, -1
0.809267648744, 7.91386780887, -1
1.03376899847, 8.80798414864, -1
9.23919913288, 8.97854897708, -1
8.29003257246, 8.02516123716, -1
5.95012137888, 3.71026266719, -1
1.49725245285, 1.11404613356, +1
5.03457513364, 5.00395914947, +1
4.3055067293, 5.56636855235, -1
3.66831916287, 1.35120568562, +1
7.28184226088, 3.31217358957, -1
0.188624160267, 5.80383530332, -1
1.6309203721, 7.78946897635, -1
9.48545847537, 0.069779279434, -1
1.18241191394, 3.28574628597, +1
4.37300010126, 6.28642262962, -1
8.99522724518, 2.09316853203, -1
0.336550496853, 1.46176728664, +1
5.96920802939, 3.72547289211, -1
3.13014995441, 1.97037697244, +1
9.67249760923, 8.13464917686, -1
0.306735006538, 9.11176989313, -1
6.0784775956, 5.26208748097, +1
7.30931607228, 8.86626169158, -1
6.14316972113, 6.60370854273, +1
9.62484799046, 0.547787766774, -1
8.63789304601, 0.612954287507, -1
8.09773468917, 1.49193646378, -1
9.32857662469, 0.56787818821, -1
3.433199669, 6.09538279451, -1
9.04014333492, 7.5992619687, -1
5.84972696846, 6.78994983907, +1
6.41377930686, 1.99639574888, -1
6.73062801587, 0.581870461841, -1
3.1665259716, 4.89152246883, -1
5.24864537794, 8.20938150049, -1
9.93972600963, 2.76680420985, -1
7.4817386476, 4.9314330978, -1
0.646129696763, 8.0174464181, -1
1.36671623078, 0.929798338582, +1
4.22484883831, 7.50438072097, -1
9.87381170072, 8.01980104222, -1
4.98455234579, 8.09934785383, -1
9.98385701043, 9.00283575988, -1
5.37369319637, 0.153135235322, -1
0.186638948177, 1.20242572645, +1
4.16365204155, 3.24544932903, -1
1.08658495196, 2.01676916203, +1
9.95789563768, 6.59355696452, -1
0.763102271943, 0.90152329438, +1
5.00102712408, 2.34140653846, -1
4.31977273123, 2.40525125001, -1
9.84146423823, 4.52463583551, -1
3.67545634491, 6.41626295718, -1
9.27349986841, 6.5566942778, -1
9.33746293611, 7.05816366746, -1
9.1066262658, 1.02781595792, -1
2.09309031794, 5.54501743347, -1
2.12913729195, 9.37658584365, -1
6.38208803334, 3.56934929574, -1
4.41761188724, 9.57585857836, -1
8.6281924819, 2.97668644136, -1
2.09955578456, 8.77330940975, -1
8.05600513437, 6.16679736708, -1
7.37984392214, 5.18151479539, -1
1.99574121097, 3.37869752216, +1
8.84684194235, 1.55479030471, -1
5.7559995155, 9.72510494608, -1
7.92820912627, 6.75904494819, -1
0.833811147774, 9.9461434278, -1
2.69017203482, 5.23924155975, -1
4.25363565052, 4.62630314949, -1
1.23229576857, 7.12345881748, -1
0.739539815579, 9.25216889858, -1
4.87284198339, 8.5325702041, -1
3.38179002873, 2.97775969186, +1
8.63533240983, 7.0477920524, -1
0.869969357938, 5.50930343859, -1
9.84430805279, 1.74733132436, -1
6.02902283733, 4.0522835782, -1
1.12342352927, 0.117188934889, -1
3.53507122737, 6.50579956903, -1
9.8618334858, 9.93498210319, -1
1.71446604281, 4.2209924708, -1
0.471383609123, 9.82126866467, -1
1.11902204324, 0.90596650826, +1
7.79647916982, 0.699902616776, -1
0.622215497978, 9.41693801054, -1
9.71420408626, 0.990021619966, -1
2.66026443804, 0.991536689463, +1
4.46109091328, 3.65492994914, -1
2.50004058792, 6.53768524006, -1
1.39322833896, 4.53020108472, -1
5.82912688436, 6.31388423476, +1
5.49367595492, 8.84331099923, -1
2.83641051194, 2.3101739719, +1
1.94591362212, 0.872956957756, +1
4.58023840481, 9.76112152516, -1
1.2539669857, 4.75585309088, -1
6.16475548362, 3.14272745736, -1
8.66758438625, 4.3345001439, -1
2.03699199519, 0.297293464126, +1
9.13828433911, 0.910619649568, -1
5.43068914776, 5.45279557, +1
6.97454567742, 2.83764315835, -1
0.959755725725, 2.68983277444, +1
0.719924789109, 4.540615099, -1
1.2128363485, 2.55799155431, +1
3.86338640061, 0.476636803245, -1
3.64145674867, 8.50786300085, -1
6.150843552, 4.04749713915, -1
7.28341761974, 6.10830029712, +1
7.66903644045, 3.19645180057, -1
3.44682277025, 9.00926579928, -1
1.76013275775, 6.69016183034, -1
8.48214785799, 4.55675793596, -1
5.32372428168, 1.50639859531, -1
2.74792492216, 7.1290426522, -1
9.24733057817, 6.6592410838, -1
0.353189308666, 1.47909930298, +1
9.23859556814, 8.02657474265, -1
6.75440000114, 9.86439340239, -1
9.26538660226, 3.88743339978, -1
1.56763853298, 2.11934704127, +1
6.8481438118, 1.24315661425, -1
5.66789568334, 8.26024528879, -1
9.73423253244, 2.78990623779, -1
7.41535688052, 6.93787296905, -1
1.48727237788, 1.24166740508, +1
3.72064619881, 8.37326093831, -1
1.89499724481, 2.59144720566, +1
2.09593787309, 0.462295478365, +1
6.41133958356, 3.26385462877, -1
2.73056833414, 8.4892000067, -1
9.3932616159, 2.60469652167, -1
3.10273318136, 7.73736844268, -1
0.963813131077, 8.81313795979, -1
9.76940440655, 3.89891313019, -1
7.79985232341, 7.98899495169, -1
2.90612166573, 2.55411778595, +1
4.44600703515, 7.00024494747, -1
7.06510816789, 6.0585811052, +1
2.43630257092, 8.03251762292, -1
0.16444077998, 8.69057511895, -1
4.53899603617, 6.76138285225, -1
8.3479039217, 0.13591150418, -1
3.48495651722, 4.52145211979, -1
9.29500387899, 0.895948994209, -1
9.08296838179, 1.96919628178, -1
5.24580803125, 3.28779893229, -1
8.40999276755, 6.11636794217, -1
1.13737569233, 8.87144027568, -1
1.50263617886, 3.29780304234, +1
6.92639869785, 4.29822307433, -1
0.812464435836, 4.82135182931, -1
8.91982638187, 2.52095791904, -1
1.72173954921, 9.71336368565, -1
2.06105192654, 4.59021193462, -1
9.99312067145, 2.04844479124, -1
9.65791453131, 6.14447434252, -1
3.39408757203, 9.1791313289, -1
5.63275464292, 7.44186563033, -1
4.07326455125, 3.07435857115, -1
7.75764060989, 1.25334226695, -1
2.15736366346, 3.3404427451, +1
