3.43035352193, 0.791420945303, +1
3.78700055695, 5.23203035977, +1
9.83131029405, 4.63186404803, +1
6.95105836114, 2.09898000001, +1
4.84471752372, 3.05888582284, +1
1.80886263019, 6.15789955369, +1
9.60938691454, 1.60578514657, +1
9.24341728693, 2.28621588012, +1
7.48098811283, 0.711409494504, +1
9.97133424949, 1.7027255475, +1
8.8505137602, 2.76653819968, +1
4.92562240677, 8.14555006568, +1
7.02587084611, 2.33916553931, +1
4.54756672648, 6.13228313955, +1
0.698304321446, 5.72365600602, +1
7.90246833147, 7.45151785672, +1
3.8434232938, 5.35611746408, +1
0.823228771636, 7.45810098977, +1
7.45309477624, 1.248761408, +1
0.888479388042, 0.368694618845, +1
5.5901069326, 8.76384845264, +1
0.631277923004, 5.50842573707, +1
6.74706457201, 8.04399876613, +1
9.97520394952, 7.27263675471, +1
9.87731760277, 4.9242086861, +1
1.95628233492, 3.99086540312, +1
6.30300501754, 8.65044214152, +1
0.52738591006, 7.98473968328, +1
3.02269701986, 5.89021395153, +1
4.58115979792, 1.83618951646, +1
2.96128916057, 1.67105730117, +1
4.02476233594, 3.35211472982, +1
7.16190453251, 5.16386198832, +1
5.14684162162, 7.16041033328, +1
3.59922050876, 6.39378580323, +1
2.07896770559, 8.8827809176, +1
0.903633948968, 0.820862934078, +1
7.98257698299, 0.331485368417, +1
0.792437966241, 2.99260050749, +1
6.78897600555, 2.9416687885, +1
7.84046452213, 0.133631892216, +1
2.26737198971, 1.22373799317, +1
2.5722112931, 1.29649927287, +1
8.1356193095, 4.9086624872, +1
8.35467206487, 9.87284872243, +1
0.0215041546744, 2.68192297149, +1
9.92677331221, 0.783534747888, +1
9.23313330101, 2.39047690049, +1
9.40953342709, 3.01208590314, +1
9.26354229274, 7.03983958689, +1
8.15644531035, 1.57101853725, +1
3.54988036746, 5.37009543609, +1
1.50791707941, 4.03930172428, +1
0.119086031324, 6.75919938732, +1
3.71328695856, 4.07473795328, +1
8.04610456097, 8.1099731405, +1
4.10015095492, 0.940051886162, +1
9.8103288105, 2.26010987879, +1
4.26808848069, 1.82510951407, +1
9.04728154439, 1.60137143219, +1
3.98337016852, 4.0403144404, +1
2.00389826335, 7.03813337466, +1
9.32704577019, 7.59672562994, +1
5.9548994076, 3.93563201729, +1
6.9877433957, 0.348794231095, +1
7.47749927081, 3.46549458661, +1
4.53013762179, 4.66066829742, +1
7.11515754168, 0.506907735579, +1
5.37774090674, 3.63786080287, +1
7.83312198182, 3.40573858479, +1
5.81280780702, 3.70318533462, +1
4.52295322545, 2.19563687062, +1
4.65730373488, 1.40286726009, +1
9.56309851037, 6.87053481113, +1
8.88194158764, 0.285638995496, +1
2.03373988892, 6.81213688849, +1
1.15426772713, 4.22014693417, +1
4.94736677441, 1.5675552388, +1
4.33934871114, 6.46966729192, +1
4.73809627041, 1.83135125521, +1
8.20088902322, 8.77688634407, +1
4.4290115147, 5.80686244983, +1
7.99646620638, 8.3353958151, +1
5.69854805455, 3.5646993023, +1
9.84649534812, 3.18965696363, +1
0.00382338540044, 6.79263748448, +1
0.0842157142757, 5.7554192045, +1
9.02025672303, 1.94772484493, +1
2.17483645481, 9.37416351961, +1
2.90349759647, 6.8109060173, +1
8.73672274266, 1.96504786158, +1
7.05851083676, 8.15135947279, +1
5.48817764159, 6.27653959563, +1
6.77263643842, 6.23921249171, +1
5.31024792506, 6.93247996626, +1
3.81025527598, 5.73698792232, +1
6.50479766938, 4.9204645124, +1
3.80230605642, 6.87848949183, +1
2.61123444089, 2.1953375077, +1
9.5693853785, 4.2822385543, +1
2.28909035221, 8.39990632501, +1
2.20165214476, 9.18633136354, +1
2.72995438517, 2.48291911766, +1
9.07415061365, 6.43771087239, +1
5.40386758525, 8.16970119401, +1
1.56675050998, 4.04462598772, +1
4.71084216504, 5.33752129886, +1
1.27986466069, 3.42824851174, +1
9.29136844001, 1.33510884138, +1
9.2710927461, 5.82399067386, +1
2.99993771217, 9.69492242655, +1
9.69724467206, 4.98484350645, +1
3.4731396233, 0.477405699073, +1
8.49846485446, 6.55982682077, +1
3.61108943715, 1.99064347861, +1
6.37748820983, 9.60425246418, +1
2.29657806657, 2.29359123857, +1
9.31706365762, 5.88168876197, +1
5.02016529863, 1.36886300797, +1
8.19601237047, 2.20849644252, +1
4.13998773487, 5.72045004104, +1
2.91662811292, 2.45762481677, +1
7.58555438561, 6.74731002794, +1
9.85383152916, 6.39920500979, +1
3.75962415535, 9.88148526755, +1
8.3784443667, 3.32989844437, +1
4.1194806026, 0.953489662344, +1
1.18939271749, 4.43417176676, +1
1.59496887253, 9.4996333691, +1
0.249044052972, 8.28144934986, +1
0.677354919787, 5.66917847219, +1
9.6553181028, 3.06094906632, +1
4.41383037295, 8.4658627467, +1
8.65032781049, 5.84536767885, +1
4.69032549649, 7.29624779869, +1
7.13347165447, 5.79145118856, +1
7.81909327569, 8.69484902907, +1
5.80132504483, 6.97669957738, +1
1.27798464979, 2.45714630809, +1
5.74973880883, 2.43780912005, +1
0.949482980559, 7.57217182819, +1
0.925032685054, 2.29087144493, +1
7.99718942161, 7.68293590103, +1
6.83685721109, 3.7888472495, +1
1.26159840261, 1.88518831555, +1
3.39502657976, 3.09105215076, +1
6.10875466837, 7.68182351744, +1
7.88976988408, 9.58592348853, +1
2.02777617217, 7.58106983518, +1
0.778578278007, 0.830910203608, +1
2.86338007462, 3.13535155862, +1
2.34727054064, 5.50377228004, +1
6.82298061899, 3.03010130342, +1
1.55491050927, 2.62560347826, +1
5.47138960004, 1.44613877186, +1
7.47131652192, 5.55780997331, +1
1.94969966059, 2.21293929493, +1
0.0183410487087, 1.6302829039, +1
8.70246476981, 1.66644923844, +1
9.52458815158, 7.32477771098, +1
0.722599566608, 6.10815804431, +1
9.02326432791, 9.75610014518, +1
8.9336284791, 7.70262272788, +1
7.82477493522, 4.75813176305, +1
4.85634712363, 8.7191280636, +1
4.38485448029, 8.45754899546, +1
6.46905065471, 1.05847245934, +1
6.50953073121, 0.431444830987, +1
9.16614667325, 1.09212871077, +1
7.16724209329, 2.79825692383, +1
8.09958911479, 8.97131323405, +1
6.35650101166, 4.67797225779, +1
6.71682081326, 9.99899813621, +1
3.27844377161, 5.2078580387, +1
4.52617421108, 0.894440090282, +1
7.64293607626, 7.87474998038, +1
9.21388056361, 5.87577571882, +1
5.89422553096, 6.76401883108, +1
4.57491266245, 0.216473668036, +1
3.34800882514, 1.11170047916, +1
5.25712336752, 4.48525095509, +1
9.7702512414, 4.77929996587, +1
1.54043957424, 6.82369962249, +1
6.46622855781, 2.41861238848, +1
8.40728628952, 1.64464164397, +1
4.60341630788, 3.6772935676, +1
5.5581836013, 2.86057664226, +1
0.512468817202, 6.31386765362, +1
6.13275020444, 5.67204227336, +1
8.47011939773, 8.76487951884, +1
8.62322077707, 5.09720963532, +1
6.64580498534, 4.59298020038, +1
9.86689777308, 2.72350297055, +1
1.1646600194, 4.10202679861, +1
3.54056628668, 0.424030573235, +1
5.30448328707, 8.69051614961, +1
7.94186299452, 7.8994363855, +1
2.708457953, 2.49289692133, +1
1.87728997064, 7.06566709995, +1
5.44500979206, 1.46657604799, +1
8.63990053891, 0.697495509595, +1
4.00934019272, 1.28821721783, +1
7.73615601371, 0.678067904771, +1
0.263274355998, 5.97720056214, +1
7.77286531093, 0.378221682398, +1
8.76003749807, 7.81347041319, +1
9.37868051933, 1.02957521555, +1
7.14462002891, 0.926428004061, +1
0.469213596715, 5.01422169009, +1
7.34632427685, 7.73195098149, +1
4.64424521349, 7.60987161303, +1
3.23715606123, 1.44286718814, +1
6.60648620868, 6.20367528332, +1
0.0809535343943, 2.74057592151, +1
6.1185863437, 4.9509663888, +1
0.0379409794924, 9.0812571794, +1
9.28494392175, 1.20953104373, +1
7.79697668609, 6.04356431971, +1
4.49765267566, 4.42125486976, +1
8.9091460877, 2.85327551915, +1
4.23325035471, 3.50128395439, +1
0.308903197873, 7.4838164088, +1
3.45907484891, 4.89432791001, +1
1.05397681276, 4.38391722, +1
5.16502201746, 9.83721453348, +1
0.220088140463, 1.00238583574, +1
7.01379826161, 6.58731365735, +1
6.6340481882, 8.80871551185, +1
8.44038675213, 1.63664935245, +1
1.74731714076, 5.63957573835, +1
1.45359211727, 7.94592372683, +1
5.55157510286, 4.95958973856, +1
9.67210865351, 8.65049500906, +1
0.470668068123, 1.15110281261, +1
6.05040617583, 2.4550329061, +1
8.2190344218, 9.74331712923, +1
7.10038470747, 5.16636675617, +1
5.41297754863, 3.7058869565, +1
0.786604916493, 5.504788486, +1
1.93000171821, 6.11402469383, +1
8.94095976896, 0.987443999629, +1
3.37273095293, 3.87630344665, +1
6.8052897436, 1.96588846512, +1
2.58722031748, 4.91423475926, +1
6.51942833347, 7.71568276025, +1
8.23522140841, 6.56097810237, +1
5.37600439731, 5.65921924112, +1
8.19328752091, 0.416102150297, +1
1.35105351291, 6.43294568061, +1
7.29739489883, 2.09613252442, +1
1.28848356984, 7.44468425908, +1
0.2215781613, 1.73023436558, +1
2.86021619835, 3.34835760769, +1
3.39081384374, 1.76842861247, +1
8.65063923749, 5.233414452, +1
3.1465091425, 3.71729495956, +1
7.25851003219, 7.37325676156, +1
4.06211753576, 3.50121187564, +1
2.37943622134, 3.44299665097, +1
5.97198874581, 5.74011572041, +1
4.36613404503, 9.35716553803, +1
8.72344902657, 5.12102680735, +1
2.33696332117, 4.27419065931, +1
3.9669006792, 8.84940919612, +1
6.27892955381, 2.163646211, +1
2.66516922482, 5.31374784054, +1
6.31154290298, 8.39845009561, +1
1.52905860865, 9.00037404255, +1
1.54485913348, 7.08311466284, +1
0.94312500893, 1.03120107217, +1
3.0676535847, 2.54951056089, +1
7.29739207256, 9.43326207669, +1
2.85757720337, 6.58780279822, +1
8.17128826443, 4.71577082018, +1
8.99804490251, 5.50685579209, +1
2.8648177589, 3.02426539433, +1
6.00552289771, 4.01849672295, +1
3.94670905856, 7.62543402399, +1
6.71856735306, 1.84264642334, +1
0.011908819426, 6.84700731103, +1
6.22308729581, 4.99359655896, +1
2.95625632501, 8.6296184187, +1
9.40080572405, 9.2251904354, +1
0.851564447573, 1.19979564419, +1
9.44435440907, 2.02486405955, +1
0.674330335502, 7.21676063773, +1
3.23530206636, 1.231402205, +1
3.85101640988, 1.2687789403, +1
5.96819291617, 0.669441560081, +1
7.67956407457, 1.35471465137, +1
8.8084477689, 7.86286817404, +1
0.182137545902, 5.26823114556, +1
7.9909261558, 8.28606029206, +1
9.76770726435, 6.45848851353, +1
7.363897896, 4.60534176293, +1
6.78729038968, 4.61127138331, +1
7.76737546093, 3.98459697611, +1
6.56918282507, 3.0157674535, +1
4.06631464116, 6.36882673289, +1
9.56140730811, 8.25392074009, +1
9.36139388187, 9.625697027, +1
0.711113961062, 0.617419779973, +1
5.6216867058, 7.15031478266, +1
9.09640552999, 0.191737025982, +1
3.54123424306, 1.5004441185, +1
8.28779706984, 4.77602224552, +1
1.74178069629, 4.24507467692, +1
8.63097779816, 5.11194300588, +1
4.85676466103, 4.50206767717, +1
3.68418221009, 9.4954311485, +1
3.56023766322, 9.53518194909, +1
9.64949994158, 5.95549785031, +1
8.49090541235, 6.2946516087, +1
4.94414116902, 0.946085499718, +1
2.76906036321, 0.306704433888, +1
0.171209025513, 2.20449116202, +1
6.9040849307, 1.88515801259, +1
9.31884346366, 1.4703597096, +1
2.0625033827, 8.90517062489, +1
8.37091770785, 9.74992453058, +1
2.66153928796, 5.41155119084, +1
8.6706422728, 7.52499469048, +1
4.30686640074, 9.85102661583, +1
4.79627315167, 9.4769763327, +1
6.07260378479, 2.10078123583, +1
3.68125998286, 4.40352629507, +1
8.63678266595, 5.99290771202, +1
2.16108886168, 1.32438580769, +1
0.928778791693, 2.50369944944, +1
4.64719374271, 6.75505076123, +1
2.81725633332, 0.478592663191, +1
8.95700104979, 7.3185706736, +1
9.17570158578, 9.13687864571, +1
9.48053349404, 8.28106759056, +1
4.87014893134, 1.29240172003, +1
5.68795060012, 3.21472274647, +1
1.93454626169, 1.35996074343, +1
6.82479231831, 8.7039843589, +1
7.50543560023, 9.44381562417, +1
5.98742806895, 6.63831370445, +1
4.84583310199, 2.48204524162, +1
4.30687237129, 6.77543335315, +1
4.81931809581, 6.8576716833, +1
0.00342493568457, 1.3733836439, +1
0.046486557051, 7.91905903798, +1
8.22575424101, 9.87438748642, +1
1.21312715318, 5.52158885789, +1
0.662692144233, 9.00306177093, +1
6.70354280666, 4.64051957323, +1
5.45990362369, 0.91815941291, +1
2.59290962724, 3.33405872692, +1
4.13335111678, 0.117311330249, +1
6.98507129252, 4.97652166461, +1
7.70297050944, 8.33025940195, +1
9.54182638967, 3.686818228, +1
4.50396066382, 4.31401343054, +1
2.74125677115, 8.78824110874, +1
9.22895245942, 5.06110681116, +1
5.83020667949, 3.50439643467, +1
3.39583305848, 1.14574910798, +1
9.09538449144, 3.83472879502, +1
6.39160727337, 1.87191654069, +1
9.76583399009, 3.34996111062, +1
0.539773048163, 2.87466747643, +1
7.46118169857, 2.74596726726, +1
8.57340393398, 8.6943143922, +1
2.38736783059, 0.414765672567, +1
4.30193138391, 6.67998146977, +1
3.69186104461, 4.95618135641, +1
4.38981721803, 3.90944352503, +1
3.5539005108, 1.76626776044, +1
5.50266812745, 1.68771643909, +1
7.01680324544, 4.32416641809, +1
1.90453020387, 7.7306631378, +1
6.20729448165, 5.2409952188, +1
6.8729956641, 1.75371429738, +1
9.99578465428, 1.85575231954, +1
7.84160281002, 2.24030738661, +1
0.0378659974235, 6.81959936344, +1
0.0276285928274, 0.267803992339, +1
0.89014610931, 7.40580843296, +1
0.594716244236, 4.56590542593, +1
4.02603230396, 6.19413256765, +1
7.23548753488, 5.99973314842, +1
2.52858420499, 0.415717781111, +1
0.275355088247, 1.70656058917, +1
2.31027501973, 6.02056454529, +1
7.16181233297, 3.39246022264, +1
5.22349959582, 4.93313328965, +1
8.27265199701, 7.0099303336, +1
4.14877412531, 8.65408398418, +1
3.73407208678, 0.704683354087, +1
5.27989096022, 7.4907040483, +1
0.505227027774, 6.01717157506, +1
2.51589817927, 1.3944318199, +1
9.58411580458, 4.1913020156, +1
4.72849008252, 6.24938080032, +1
5.41714441783, 6.19933322168, +1
7.05421076664, 5.82881377104, +1
0.208301025679, 0.708152034966, +1
2.66844952909, 9.99754636798, +1
8.37609101736, 0.49499472165, +1
0.707796069762, 8.97532927788, +1
9.4001389644, 0.993373074006, +1
4.93030788527, 5.91671866608, +1
9.25017729989, 7.85583930727, +1
0.871053234981, 0.161272038453, +1
0.663839182247, 6.64442468504, +1
1.9860287139, 9.99859798939, +1
4.13125394335, 4.42825835217, +1
1.41597611096, 4.87741350711, +1
5.52827799886, 4.53010980358, +1
8.72030182276, 2.91060322443, +1
2.74371809188, 0.282502259423, +1
9.02197369669, 2.48485955053, +1
1.00511157979, 9.20653473384, +1
4.12481277886, 2.49159089348, +1
6.32675667595, 0.157198815923, +1
0.870814420246, 0.30260541425, +1
0.996992661698, 2.0682945401, +1
4.41061586428, 0.701335881569, +1
5.26773468038, 7.58792554148, +1
3.39797332168, 0.0578410043556, +1
5.63131419725, 1.68193223512, +1
5.88702925739, 3.54335586598, +1
1.4195322061, 2.82496830499, +1
3.00982830013, 5.1684837749, +1
2.88765478024, 2.5520555559, +1
4.41563062574, 2.467782267, +1
4.11339092332, 3.48792853931, +1
5.78428225092, 0.726283833528, +1
8.1386093868, 5.36286120196, +1
7.23225229244, 2.31442347408, +1
0.770289807228, 6.66758676843, +1
2.72027613795, 3.6107000063, +1
9.57022276726, 1.01351174911, +1
3.47610871982, 4.74779714362, +1
6.76310112998, 5.86799035927, +1
8.33212879979, 7.36572554257, +1
9.41978265546, 8.69241928484, +1
2.720299846, 3.05723613613, +1
8.53944006648, 3.17978769866, +1
3.93547511507, 3.09018943759, +1
3.20610324837, 3.62871290429, +1
8.1296179573, 6.22553675972, +1
8.4401206977, 5.14870138175, +1
1.80522862964, 9.40600635413, +1
2.12231296796, 2.99068586275, +1
0.52449841886, 4.83411181811, +1
0.276960786737, 5.57313063633, +1
7.37107564007, 4.67991015975, +1
1.85594508451, 7.65856767815, +1
1.9113018536, 3.72106182885, +1
9.12654980033, 7.63058663556, +1
4.68856634032, 9.65865904188, +1
7.14299947156, 2.9954361537, +1
8.17903003464, 2.93962099741, +1
9.20785597796, 7.63584712452, +1
5.02058940196, 1.8320075453, +1
2.90785742918, 7.47362405138, +1
3.98189168157, 3.88447766215, +1
0.963570861955, 2.19065696968, +1
3.30782771423, 3.25335766266, +1
4.55632644774, 7.40865002807, +1
1.44467510652, 8.01951266446, +1
5.02065712614, 9.15756938843, +1
7.60285812491, 4.14486503367, +1
0.593666554348, 4.76587191285, +1
4.3946896454, 9.65969590322, +1
1.26237556937, 6.32460243001, +1
4.33470456098, 4.46493190234, +1
1.25582209486, 4.2171866815, +1
4.48734047405, 9.22050236911, +1
3.41574774809, 5.95788739015, +1
5.22958609812, 4.72627648698, +1
2.20034758592, 0.792435916024, +1
4.90060840984, 1.0058656108, +1
6.55300417362, 7.70701532521, +1
2.42520670614, 3.17239786465, +1
1.07201197676, 2.55776836094, +1
2.59467195788, 1.32819819217, +1
4.72324025673, 1.34684980177, +1
8.92661296036, 5.10174776912, +1
7.64804175116, 1.60741368123, +1
0.198467634371, 2.29000803744, +1
0.492712750929, 0.49523316446, +1
4.54753493536, 7.65724196478, +1
0.413533332303, 5.56509175405, +1
3.19950883482, 1.08778203855, +1
8.88694189386, 9.52215040393, +1
7.99897949301, 5.0950383039, +1
5.71953039227, 5.21325153764, +1
7.9213887867, 6.75214823158, +1
2.25844736683, 1.14791826659, +1
0.562306639611, 8.39655969816, +1
7.25601471016, 6.01577799577, +1
1.74547680051, 8.41114414461, +1
4.39667921029, 3.67828844534, +1
9.30680456235, 8.63583203205, +1
0.983307105568, 6.9818979945, +1
2.42404552004, 1.8784979713, +1
9.53167020069, 4.90907158342, +1
8.0871046353, 5.8973829505, +1
7.24055890468, 3.93047925525, +1
4.86395467668, 4.45467172516, +1
8.74753372768, 6.45036341961, +1
1.95213743045, 2.13727696167, +1
7.9994581991, 2.97172630647, +1
1.24574721949, 3.77754913459, +1
6.74804605258, 1.97470139525, +1
0.431861859493, 3.91994256332, +1
4.11652980384, 6.65194301484, +1
6.47273161282, 6.97983252366, +1
6.13915410433, 1.14247955014, +1
0.643482694958, 0.482746075031, +1
9.34610326177, 8.7737644108, +1
8.33230639725, 0.559019415668, +1
7.0832194456, 9.27802245977, +1
1.3169789707, 1.08397210588, +1
4.70195463609, 9.7396328352, +1
3.31217633996, 2.07084502061, +1
7.49426141374, 5.38034907006, +1
7.493035842, 9.89890689701, +1
6.90628402446, 7.63752289683, +1
4.8463511753, 7.64041323211, +1
2.67520081401, 1.73669497054, +1
8.72808857239, 9.45704216975, +1
0.759239864658, 1.13708423096, +1
8.14155771709, 0.103533224151, +1
3.04241285782, 8.88952007692, +1
4.58251138256, 3.00621889163, +1
0.786927128151, 6.89935210842, +1
9.74636354221, 6.2255912409, +1
0.192169760393, 4.80384326114, +1
3.32592244539, 9.14157317247, +1
8.07314760103, 7.91592274416, +1
3.48436036449, 1.36467777495, +1
7.24148151752, 6.0916705731, +1
1.88332786885, 9.69651628945, +1
6.86721577414, 5.97407637143, +1
8.56820946927, 5.15157892211, +1
3.80261154963, 1.12423175904, +1
6.64089022766, 8.10121088472, +1
3.4184624714, 8.53851902117, +1
0.69332013259, 0.628424952723, +1
2.46227354713, 5.43990229121, +1
9.58261723215, 3.91432065964, +1
6.69499968077, 0.739943993866, +1
2.95925559537, 0.261435120977, +1
4.43947072041, 8.24725533474, +1
6.03127160253, 6.88006044222, +1
6.80187797815, 9.41858962371, +1
0.919781014233, 9.82383738082, +1
2.74154211158, 0.751815017638, +1
9.23641028748, 2.72622421148, +1
4.56896667163, 1.31006848079, +1
3.48081468816, 7.81080995784, +1
7.51960772145, 8.08805257524, +1
2.58965991074, 2.51567024045, +1
5.41304574233, 8.54007995802, +1
4.33600059203, 7.5459288149, +1
7.98644037904, 3.0011859036, +1
9.71049624938, 1.54595667407, +1
3.92282715077, 9.05944664495, +1
9.6777365901, 7.76281565022, +1
1.81773161986, 8.35960297886, +1
0.195300171024, 3.89527691626, +1
8.8701440358, 2.73997940537, +1
5.81954410115, 4.2816421106, +1
8.01371807861, 3.77858779552, +1
4.80653582151, 9.03347289422, +1
8.14908823305, 4.77705746245, +1
3.17881690761, 9.52780905067, +1
2.45068137663, 4.56407319869, +1
7.20168430943, 9.28671356262, +1
5.61563146626, 8.66244669838, +1
6.49389361603, 5.57410439526, +1
0.154210085647, 0.138630590996, +1
9.40710717429, 5.86899096432, +1
0.699134728402, 1.19718563063, +1
7.83737733251, 1.58597660193, +1
0.106206689673, 8.84505817575, +1
0.969695316662, 2.75543777092, +1
8.82703162185, 4.38212045855, +1
0.740787768065, 4.6968005148, +1
5.697043012, 9.29293698203, +1
2.39790555716, 1.7308542623, +1
1.77975456408, 8.11780939832, +1
7.53767092307, 6.45341536875, +1
9.92586280479, 2.11858568248, +1
9.75074994955, 5.48768748365, +1
9.20113298046, 9.98436349617, +1
8.72528588799, 5.23028224652, +1
8.11267746205, 7.41784161197, +1
9.05163085359, 4.92195158858, +1
6.93258311057, 7.72721733433, +1
7.80445407356, 2.77988878718, +1
8.19482621786, 7.13205781004, +1
4.38501187547, 6.08962221024, +1
6.964301067, 0.418877030961, +1
5.74322430911, 2.45023588571, +1
9.96226270473, 5.89228391207, +1
8.66607803005, 1.58609598343, +1
7.10638407611, 6.56339589791, +1
4.4400447569, 7.33119574016, +1
5.39376652244, 8.36174263599, +1
1.52113848445, 0.944700384213, +1
7.66206033496, 8.79192712184, +1
0.544897009508, 6.48005859972, +1
7.43866436594, 7.74118859098, +1
8.88381391501, 8.01441403931, +1
0.556968759935, 5.18179507158, +1
7.40825209597, 9.68865125525, +1
7.3633361982, 0.342324616914, +1
0.2351274045, 1.8079712892, +1
3.34293084941, 8.75450610961, +1
6.73820868511, 4.14062164668, +1
4.72130607848, 7.09703599721, +1
1.7593451457, 4.59817475459, +1
9.67814374986, 4.86699627574, +1
1.21965698572, 7.3899152511, +1
1.53081776614, 7.24778883332, +1
4.47844692127, 9.06224378803, +1
1.17509391136, 4.63280784656, +1
4.19304605524, 7.97815064308, +1
4.15226755402, 6.81708708911, +1
1.50515386283, 5.84344240659, +1
8.972776563, 1.09177880938, +1
8.60915412957, 8.96040798684, +1
5.88617795957, 3.93361631607, +1
3.52389934848, 7.91698088384, +1
1.78082208249, 2.98066712449, +1
7.57539594696, 9.28526905093, +1
5.49271207773, 8.0146207334, +1
4.34163318153, 4.60318014114, +1
9.13187954196, 1.60964902861, +1
9.48379974098, 8.65534060366, +1
5.86360747466, 5.40309122509, +1
7.47573029991, 7.30822329123, +1
5.81412433527, 2.05642656002, +1
1.78941050002, 5.76916120351, +1
9.71258263608, 0.949844429907, +1
9.70081758752, 1.54895554149, +1
0.221725995715, 1.00693445046, +1
0.982722324472, 7.48252186584, +1
5.07297356663, 3.90219170988, +1
8.81865315834, 6.28069498062, +1
4.68386378819, 6.57408841831, +1
3.62139253416, 5.45826921091, +1
4.07724510715, 4.67402438758, +1
8.47874487034, 0.276636685729, +1
2.50974358787, 7.38094918026, +1
3.39301128831, 8.64156518407, +1
3.69923076818, 5.50952441453, +1
7.20752596363, 5.96835979943, +1
6.48483514856, 6.22090811791, +1
9.88404935995, 6.22945636759, +1
8.37268456946, 5.35305033438, +1
8.67417622837, 0.376675584283, +1
5.44223150712, 0.324874720556, +1
0.0540378369168, 6.34094576122, +1
0.24793407216, 5.70224771918, +1
4.08226857795, 1.66256962779, +1
0.486753456354, 2.87391284028, +1
1.10047925804, 7.84295286821, +1
7.20270260623, 5.8834239163, +1
0.00595191463025, 3.92336922987, +1
2.59332633846, 5.25450933819, +1
9.35731340175, 0.850198213538, +1
7.1344541668, 0.929320830117, +1
1.44361369317, 9.81296416262, +1
6.14950989246, 3.8941177355, +1
7.69781003641, 1.49853509202, +1
6.58625329193, 2.04679729422, +1
7.59928070561, 1.98860363349, +1
0.698905799691, 8.8607433545, +1
5.0679073653, 5.49800779697, +1
5.80596620537, 5.38774903543, +1
9.18201334151, 0.0995469866497, +1
3.31412256907, 0.212725176123, +1
8.55230327826, 3.49050227952, +1
2.69474273413, 7.40464578848, +1
7.86163335736, 4.18580024895, +1
6.70797042129, 2.06142835616, +1
8.41291563149, 1.2896115467, +1
5.18419493571, 1.72235723562, +1
9.91031115755, 4.29312525972, +1
0.709656039408, 2.45320739788, +1
5.2625704561, 3.80299521577, +1
4.03320820773, 8.32964691183, +1
0.426135700684, 7.33967201946, +1
7.85086699111, 3.28581501632, +1
5.99395126652, 7.37598902297, +1
4.19379989241, 0.025818109671, +1
9.30545968083, 0.48306190795, +1
4.9931923877, 7.50088492437, +1
2.07204004487, 6.15797848561, +1
2.65597661946, 6.27994772747, +1
9.73514740596, 4.42057187433, +1
0.522913349691, 9.19965773356, +1
6.781817876, 5.46010303123, +1
8.50603560554, 5.73381790694, +1
1.80327207856, 6.00343033081, +1
8.94293814985, 9.54677809664, +1
4.93788442782, 8.9791968972, +1
1.40239527189, 9.15284151254, +1
8.48325184152, 7.84609623819, +1
8.80967297526, 4.35379371917, +1
1.2216070306, 2.43166139903, +1
5.37276414939, 4.29892946055, +1
7.15905197338, 3.72901668631, +1
6.71967573025, 3.82883942919, +1
4.82855860654, 3.29173973876, +1
8.41510415414, 7.50700196382, +1
2.59536495332, 5.9845529051, +1
6.75914080943, 5.99663178488, +1
4.01547028065, 4.61879577866, +1
1.56924385463, 6.53810471904, +1
9.00166817912, 9.33465986359, +1
5.56354157226, 1.50024925158, +1
5.36490038983, 8.29555412691, +1
4.95951167924, 2.50291960523, +1
7.62113096054, 4.25849679881, +1
6.73566467546, 1.33804594766, +1
2.09939367837, 8.15351101442, +1
8.74807609325, 5.10810609635, +1
0.0166117387778, 6.39977665832, +1
1.02494846421, 2.680355899, +1
3.02124227309, 0.0997762097883, +1
4.22560850832, 4.4642792915, +1
1.27062620423, 0.177687976868, +1
2.41792920016, 1.71680617465, +1
9.19081632563, 5.07530804483, +1
4.9691135895, 3.20340806994, +1
5.94338837298, 0.712585505911, +1
9.32077527957, 6.53405454806, +1
7.17646456362, 9.36693682221, +1
3.7724977062, 4.19717085498, +1
0.171645580188, 4.69332632075, +1
9.72762397639, 4.62252538533, +1
1.94448399134, 8.09857439451, +1
1.85353255263, 5.82482067759, +1
1.68277132777, 1.31524132583, +1
8.06837190308, 3.40777800578, +1
6.41324991268, 2.94244401369, +1
5.7523386941, 6.28509404978, +1
2.15360447179, 9.59816888828, +1
6.55235311211, 5.40755072116, +1
2.63319471869, 4.56676263539, +1
9.07121114891, 7.53541341696, +1
4.03278898534, 2.5784684496, +1
5.96165219087, 2.74786095633, +1
4.03994648904, 3.26031135946, +1
3.9365659913, 6.20443332516, +1
0.779542450062, 9.78162578748, +1
0.273622260233, 9.26518082078, +1
8.22366890546, 3.9910189422, +1
3.98310038423, 4.27504388337, +1
3.79933618881, 8.17563480756, +1
7.56843185439, 7.44471396438, +1
3.48372134167, 7.35833883738, +1
7.49553403252, 2.39467618418, +1
8.38329820611, 7.46517785445, +1
2.99750651697, 5.27888197094, +1
6.40031555905, 4.0139277908, +1
2.65626641052, 2.00330703968, +1
2.82872285967, 4.05265818968, +1
3.38797803067, 0.644244071174, +1
7.14187050418, 7.34087553705, +1
7.08858618189, 6.99660253032, +1
6.34240343732, 8.61939453742, +1
7.23496683892, 7.6466718531, +1
6.98893717441, 7.94889431981, +1
7.64073570721, 0.423529686268, +1
3.00872374795, 1.71684540201, +1
1.43576133837, 9.12389109383, +1
1.78332295911, 6.810651884, +1
9.35735545746, 2.66103673112, +1
5.55986545801, 7.52251461401, +1
0.580836489963, 9.18486694368, +1
7.77555967485, 4.23955055321, +1
0.983688731392, 2.8218928607, +1
1.18301960705, 0.305594480014, +1
7.48618630487, 7.15914216548, +1
2.01085113797, 6.52682853547, +1
5.07578567813, 5.06754103235, +1
2.75470962635, 5.20758394191, +1
8.53935473744, 2.71830021355, +1
3.22438002848, 4.8249720456, +1
1.43406136377, 2.40632237035, +1
0.457792668203, 0.241228248949, +1
4.6570399172, 3.34852072874, +1
8.33774736887, 3.37104697255, +1
4.36815792938, 2.96953585092, +1
7.11128596787, 9.53024295548, +1
8.94668683658, 2.66517992881, +1
7.97708118744, 8.50907471561, +1
9.28062903672, 5.04948180075, +1
5.57572111775, 0.194975196448, +1
2.07732027313, 2.49966002464, +1
0.100822929813, 1.76403432575, +1
2.22097141743, 1.8474799927, +1
8.43636229095, 8.12703847687, +1
0.892510905658, 8.38728505507, +1
0.996024238491, 1.95235469822, +1
9.16704276834, 5.52543084907, +1
7.34764058586, 7.03449486144, +1
4.86708663061, 2.42732165435, +1
5.46225929324, 5.66807728335, +1
1.99260080208, 2.08908980651, +1
1.70439733293, 6.36647215186, +1
3.27053699461, 2.0060579866, +1
9.89958264948, 0.264949660744, +1
8.72821341847, 5.31653054669, +1
7.54391752144, 3.01515975846, +1
1.41475475064, 6.5995850672, +1
4.92736145343, 1.12796335331, +1
6.72391600592, 8.02696141969, +1
9.5953693205, 7.34360668021, +1
7.06145420749, 0.654125576207, +1
5.60272386821, 6.69511916935, +1
0.572145300277, 2.84751180972, +1
4.66321258383, 2.02663791328, +1
1.274603082, 3.07641816875, +1
9.64234907501, 7.6785562184, +1
7.45042092852, 2.38761024718, +1
0.19207443402, 6.09928183559, +1
3.54196870598, 9.7857649299, +1
5.87627060386, 4.39090327877, +1
6.9505413452, 4.23067837097, +1
4.16248395826, 8.81972537156, +1
2.73910547313, 0.886477151037, +1
1.39153433875, 2.19048023507, +1
3.81361930911, 2.45622027808, +1
1.69266339803, 1.59273882001, +1
1.15824369248, 3.16111842343, +1
5.24227398115, 7.62558990907, +1
3.09638716887, 1.54656511348, +1
6.9350305354, 2.72632557296, +1
5.39402290172, 8.6320303657, +1
3.2077486588, 2.16891329082, +1
3.931984092, 7.19270482374, +1
9.34459302856, 3.13891061402, +1
7.61498719061, 1.96549774658, +1
6.47591709369, 8.77362440179, +1
9.99560153662, 8.9919662622, +1
6.04714799646, 6.3095081642, +1
9.7991339336, 3.94949523783, +1
6.643685353, 2.72730833678, +1
2.58356668745, 9.45022716298, +1
3.9417782969, 2.7008449968, +1
0.384321743242, 8.57779923464, +1
6.54289684962, 9.74553374726, +1
8.07228040038, 8.35217408088, +1
8.20359238433, 6.76665065553, +1
2.52253764891, 9.11086213648, +1
1.38867620112, 5.83061488193, +1
2.19789204311, 1.89274498625, +1
9.14788877925, 2.70942167059, +1
5.50066685104, 4.55614265052, +1
8.30830082384, 7.2603116797, +1
4.28905697293, 9.70061822326, +1
3.47182215413, 3.03460321364, +1
8.5703980803, 2.69378011451, +1
4.59845788276, 1.20052582793, +1
2.81329980626, 9.86007427459, +1
1.8031128732, 5.36744058416, +1
4.28280119692, 6.80214984752, +1
4.42165870029, 5.72363278115, +1
9.93159762553, 4.23216034825, +1
9.14833134867, 0.572793172335, +1
7.93716469167, 0.0619164645714, +1
2.17381000683, 3.52857884657, +1
4.65843110572, 3.32714764254, +1
3.99827428847, 0.477588450251, +1
7.7299756832, 1.780541955, +1
1.95026339947, 8.61026274898, +1
5.57985730182, 3.36884546535, +1
1.48334338882, 9.6216547332, +1
2.63392126567, 3.52213090949, +1
2.06181332087, 8.89498409955, +1
3.55724792393, 9.24758477022, +1
8.29162615354, 9.09761530501, +1
7.74158497506, 7.16295527807, +1
8.80422058354, 2.34608048274, +1
6.70969929942, 4.23841939887, +1
8.29403090804, 2.05516921377, +1
9.09143374844, 8.51497667172, +1
3.22972660688, 4.94477763644, +1
8.90269930968, 9.87083501899, +1
9.76063993856, 6.58846710445, +1
7.66049002701, 1.10146060152, +1
5.97521727453, 8.96975731239, +1
3.42780048079, 1.52029812579, +1
7.55152050642, 1.60973599582, +1
9.7871418279, 5.20408658182, +1
9.27992941335, 7.33637636939, +1
6.91252058778, 4.46444754721, +1
5.86623623942, 6.56677582724, +1
0.0338265046676, 5.76851690828, +1
7.72140412746, 1.24652199145, +1
3.94206030739, 3.38649493658, +1
0.0290600082503, 2.03727694658, +1
5.10164149915, 5.25963120243, +1
4.92957518883, 5.38213651924, +1
7.982688527, 0.0106837770773, +1
5.06743211979, 4.29240911262, +1
0.139921444577, 6.61973025214, +1
5.82820657285, 6.71351262012, +1
9.69102803895, 1.48777842719, +1
0.767682070744, 6.03233861636, +1
8.38379046556, 2.79430472445, +1
5.9039009564, 5.7363469214, +1
2.0314390652, 4.7900440944, +1
2.10055530048, 4.02333341786, +1
3.7564565983, 0.370315693731, +1
9.69289865882, 6.01191080673, +1
9.44618240599, 0.392827140392, +1
6.72437183516, 6.70051140234, +1
9.90776084434, 5.06011230773, +1
0.0440653446366, 2.66058100359, +1
4.48070844922, 7.75666572203, +1
6.66742104605, 1.9631485894, +1
7.16273437614, 6.37357742056, +1
2.36615942271, 7.24555013263, +1
9.85020338567, 5.58335133045, +1
9.51982214205, 7.37650543146, +1
7.46796832916, 2.65714366278, +1
8.84059593142, 4.80373579997, +1
7.83768318216, 8.355197516, +1
5.26393770109, 2.84042648252, +1
5.31202951184, 3.74383603265, +1
9.21053236467, 9.0428849649, +1
8.20543077324, 0.850951549364, +1
2.91466542192, 7.18142386509, +1
4.29131684836, 4.02598189296, +1
1.43607950531, 7.01985327384, +1
3.37056770432, 8.49377630271, +1
3.13269149456, 7.5383332872, +1
4.80868406838, 9.85630450527, +1
6.95532370409, 2.32582415701, +1
0.820441148158, 8.13498266525, +1
7.89011213964, 4.43264703054, +1
4.99163332763, 1.99177125618, +1
3.23234184441, 6.45503975417, +1
7.44316756136, 4.72920441133, +1
7.76744105505, 9.59773735446, +1
6.70323744837, 1.32794490762, +1
6.65119094932, 8.58985813874, +1
2.85149476379, 2.16931054103, +1
9.03854470399, 2.38009133694, +1
8.16579702555, 4.97104893362, +1
4.40429931238, 7.35050620693, +1
3.20950574478, 9.1050218945, +1
2.13144625967, 7.46574639336, +1
6.2071693114, 3.25394459845, +1
6.21090734125, 1.57263835205, +1
9.33563168722, 4.01653429197, +1
0.53023566487, 0.876428204534, +1
6.94057058055, 1.95227123864, +1
7.589938666, 9.0173959489, +1
3.82920354192, 5.4783398063, +1
3.57510155828, 9.60058953959, +1
2.39380983892, 4.23661924283, +1
8.04140325625, 4.83878085788, +1
0.928166290826, 8.54256772146, +1
3.6649978771, 7.68588562462, +1
3.67686277554, 7.12670309783, +1
8.76127671886, 0.175738061062, +1
1.0867256106, 8.76635902204, +1
5.18115174631, 1.95763650433, +1
3.03894539541, 5.15545534787, +1
4.48366768906, 4.3384920845, +1
9.43562315651, 3.34160630142, +1
5.7370488421, 2.16174944172, +1
0.190623818637, 6.97136942183, +1
2.58205161411, 8.12290566966, +1
8.08150959562, 9.5044097285, +1
0.52414650249, 0.697409206319, +1
4.87986395758, 4.39611816511, +1
7.85666143001, 1.91475669882, +1
9.27960227977, 8.52456000115, +1
2.49730040393, 0.123877297058, +1
2.30155467012, 8.24761940678, +1
7.87381816419, 3.41791043237, +1
4.95104704278, 1.44724153928, +1
6.13290886026, 2.73165290299, +1
3.83723896275, 1.61191301921, +1
4.86134342732, 0.942064962995, +1
7.69540547605, 0.977306640913, +1
5.02380011043, 7.45925546311, +1
4.41860667793, 0.0854830788942, +1
6.1978389846, 7.39637115817, +1
6.83094443252, 4.38981870298, +1
5.19095224507, 7.3686110188, +1
3.3376293065, 9.87570764918, +1
2.42458157227, 9.87107122455, +1
6.50952072183, 5.37205458313, +1
2.64248308709, 9.90242243339, +1
4.6455655196, 8.15737710376, +1
